"V1","V2","V3","V4","V5","V6","V7","V8","V9","V10","V11","V12","V13","V14","V15","V16","V17","V18","V19","V20","V21","V22","V23","V24","V25","V26","V27","V28","V29","V30","V31","V32","V33","V34","V35","V36","V37","V38","V39","V40","V41","V42","V43","V44","V45","V46","V47","V48","V49","V50","V51","V52","V53","V54","V55","V56","V57","V58","V59","V60","V61","V62","V63","V64","V65","V66","V67","V68","V69","V70"
0,0.642771614899459,0.36065131155608,0.669649198436085,0.339934555409337,0.329369391956646,0.947037900300622,0.873120282063028,0.896205597420499,0.928618406916876,0.911651060861743,6.4442047640275,2.57086478652709,4.48902867309451,1.05815090368901,0.891071127607413,0.944685211871519,1.40537425374607,1.442828274665,1.02210398233417,0.560597088924375,1.56853281825206,5.03523439569441,5.07936016638508,0.788730226704334,0.615332134675332,0.755652996239661,0.692869720041082,0.753257095110948,0.834102913039602,0.94012848081208,4.93572543177054,5.11646258274323,0.85550408255101,0.920957202023261,0.837791002268094,1.64039625531865,0.765399631265464,0.769967692788699,0.717718399214059,0.913302413933806,0.890739861729277,0.898748789482409,0.939793416637712,0.810246552020798,0.970663389673795,0.671568337054701,1.22199408139621,0.728154279393452,0.867229499839792,1.08493075257306,1.80389573550343,1.63045758061621,0.331708233264761,0.716045310619395,0.865816363814575,0.638335152309193,0.786932509827294,1.66988648145945,1.22195805373436,0.720523445972064,1.22543557139892,0.794036471329113,0.701102664986812,0.776915868286735,0.781110526513134,0.595544988678726,0.839950868311915,0.8130654233679,0.410899230786732
0.642771614899459,0,0.287529702279383,0.0310680842683382,0.306072932592508,0.315367779398956,0.599093543040136,0.406624701126175,0.254653694821501,0.287602528310902,0.268938534398216,6.81943733333346,2.71747131749138,4.88873388655082,0.445329506531099,0.522176572640344,0.86229605629657,0.790205452917696,0.850019322615431,0.379412564987836,1.07744893153546,2.12531061036348,5.40478571369976,5.4481936063722,0.188235928677777,0.483835504681768,0.123922336584311,0.0522266962684799,0.117370496413772,0.420577353621005,0.910646193239852,5.31379447779813,5.48536442158816,0.242600721881819,0.936581497445225,0.233740247389306,1.05593077668394,0.127307909901966,0.153537051578273,0.125021247934137,0.562731670033852,0.528246970182554,0.364974255487602,0.552093013261871,0.486109915479325,0.59845056319465,0.0321195213153882,0.583577473299251,0.095095701896156,1.08556175812955,1.41443846753564,1.18413375749234,1.00337398360405,0.3139333183224,0.0912809083099315,0.698402843912653,0.212000805860428,1.20339887338103,2.07291781210822,0.583729514209924,0.0910384712341104,0.587171348726915,0.355892457587632,0.0584634817988424,0.166933567161813,0.224681912767069,0.541326449327128,0.20459286190249,0.199260392480504,0.314350837490883
0.36065131155608,0.287529702279383,0,0.31645963157266,0.0219106882480961,0.0340416186869126,0.739081608597355,0.600946637581332,0.542125024349836,0.569586894065872,0.555466688172084,6.61664491912737,2.59507318020119,4.67409786305566,0.699244653460832,0.668032164114193,0.882846524479889,1.04731003000627,1.0903101459081,0.665781739798813,0.805530683049226,1.85242812994892,5.20240129513468,5.24615037886413,0.45367592029287,0.484034103702248,0.395606467278986,0.339241519507287,0.402723366708678,0.583738444147977,0.908781777021342,5.10800994308905,5.28335020945891,0.517413152518187,0.914961782267693,0.503112287719435,1.29124596146051,0.406254296739143,0.4279762644463,0.381167526581063,0.701449416276548,0.670930036503722,0.597357462095269,0.645180178169344,0.602226462183395,0.751811787589486,0.318134904756183,0.861653029561212,0.378454460413579,0.904478031603949,1.27395480730145,1.44555979249606,1.27058445553832,0.0300741642444364,0.368999844815971,0.668336032698314,0.350074480138678,1.02034536576198,1.91054116847863,0.8615870495282,0.371990167562377,0.865067557310626,0.527782659059999,0.345857697404219,0.437681083274243,0.462729737305659,0.509034583489678,0.490505445131415,0.47349254219197,0.208389967124812
0.669649198436085,0.0310680842683382,0.31645963157266,0,0.334542730471592,0.343515110594216,0.579523061055018,0.382821412486654,0.226665140686989,0.263961216233312,0.242339668801134,6.84821819857731,2.7414381373225,4.91823475960616,0.429754242816695,0.502708041715732,0.853662347937179,0.772079507625686,0.835277580718206,0.352647889603515,1.10834259325528,2.15624595423434,5.43361013187141,5.47699654115906,0.158174983308699,0.481974757506829,0.110300485627266,0.0232472228076349,0.08686519605555,0.40040170877968,0.904116815088725,5.34281123660647,5.51416369278225,0.211573792480526,0.93202167472809,0.203021557452806,1.04159260766125,0.108909980378057,0.122752398455007,0.098263689947253,0.543644094800415,0.509075018560231,0.337149829581432,0.562084532391291,0.470617845416661,0.577417516430111,0.00237922894283148,0.560295487896517,0.0640852867407552,1.1143559615459,1.42116940497118,1.16431985959837,0.982436526334549,0.342294008167823,0.0606892372415753,0.718920665290607,0.20341863866704,1.21562698278305,2.0812399531777,0.560522959795447,0.0600188828803198,0.563942698045101,0.335781091192619,0.0337576954289467,0.136437695903642,0.197994857855474,0.54193373319737,0.174469115403882,0.168322383051165,0.329757315571266
0.339934555409337,0.306072932592508,0.0219106882480961,0.334542730471592,0,0.0122592937132005,0.741717300581753,0.608905260644001,0.560719718398028,0.589460296256632,0.574545295561164,6.61248816490644,2.59926805853162,4.66882972873295,0.720729133596758,0.671611114657793,0.875634053682039,1.06886260522988,1.11215760105094,0.68494665250891,0.79328061772897,1.83932560762179,5.19842028357791,5.24220103484271,0.468781047139234,0.478441668616115,0.415861600892601,0.357478095254183,0.420401559022213,0.589385328563474,0.899856501723449,5.10367271006232,5.27939989165276,0.533164418629799,0.904627486804893,0.518308437520622,1.31314266122745,0.426116250739826,0.444130026240489,0.396241441022882,0.704227622599447,0.67423788450937,0.608521287436264,0.665077545955021,0.60406041628709,0.755440099963237,0.336280658593759,0.882108912301727,0.395910867431081,0.9051280873262,1.25560199937808,1.46706050908402,1.29183947065892,0.00829827272518055,0.385903764041292,0.682480865625199,0.357956185438995,1.00022014780702,1.89081462863754,0.882061823133982,0.389195254864104,0.885540484426428,0.534691465848783,0.364505783464686,0.453401979773148,0.475458495286155,0.500601296473432,0.508118882583924,0.489368975309549,0.201879374083193
0.329369391956646,0.315367779398956,0.0340416186869126,0.343515110594216,0.0122592937132005,0,0.741259219179286,0.611550655334638,0.569931603367291,0.599566381016872,0.584087097427259,6.61238380410026,2.60380855306282,4.66810561333609,0.732148613320581,0.671714506600964,0.869773996009263,1.08034458541955,1.12402149273549,0.69452914186068,0.788573996289491,1.83396389687077,5.19842741470199,5.24222576871892,0.47577962508132,0.473610515479859,0.426286154284601,0.366534069440759,0.429056083082678,0.590708341141401,0.893100565828407,5.10347770373929,5.27942372016293,0.540533684297694,0.89714953228818,0.52533697334049,1.32511904305269,0.436250350990984,0.451797574602459,0.403271766714778,0.703864765250878,0.674186852599277,0.613053243241123,0.676979220618872,0.603216873702075,0.755536920619117,0.345292369164052,0.892628439794192,0.404436007676316,0.907911356483907,1.24432807839136,1.47848290776864,1.30302279498659,0.00558292352803205,0.394082676984937,0.692086760330578,0.360780608057266,0.988287543104201,1.87900867705561,0.89259625488482,0.39756356243458,0.89607326056987,0.536774234637594,0.37382899464291,0.46079270051267,0.481003791679749,0.494242391616237,0.516692242856172,0.49683742334254,0.197071664221876
0.947037900300622,0.599093543040136,0.739081608597355,0.579523061055018,0.741717300581753,0.741259219179286,0,0.215309686011777,0.582479706202018,0.656158708077274,0.608608566997558,7.3531638659832,3.30887216114271,5.40686159450861,0.849284646583837,0.0769194766912639,0.389424052110559,1.09435207891331,1.19877585170696,0.645364206937755,1.49672774156803,2.5144894529305,5.939429992449,5.98325376577229,0.461303953003871,0.342827026040812,0.646505102088935,0.577701053182511,0.548262912682118,0.179304320310907,0.465337977811535,5.84408593765503,6.02044996490222,0.468598160283065,0.52134571748026,0.452373782806819,1.39145229632631,0.628729465113193,0.497631291850441,0.486558511296384,0.0378603636919085,0.0712426404672688,0.306714933443697,1.12813284018847,0.139449765822389,0.0365886262015485,0.580638726047419,0.83750343470122,0.546653384541061,1.64043695473556,1.14679157270953,1.4119402465131,1.22658068723571,0.744580039460163,0.534299183326749,1.29749477607764,0.406547969483045,1.06895815458399,1.79859071840661,0.839107512523929,0.541358168335985,0.841123210186771,0.243770708591672,0.588247714407201,0.48289896626194,0.397741380283399,0.390443975853238,0.537417570202804,0.479235097793931,0.559799532269114
0.873120282063028,0.406624701126175,0.600946637581332,0.382821412486654,0.608905260644001,0.611550655334638,0.215309686011777,0,0.367736068701756,0.441812503255235,0.394184075141678,7.21002367654265,3.12402415750561,5.27173597085135,0.637070001326089,0.146848690771358,0.573903235545537,0.900473697831874,0.999412696516391,0.439183738758802,1.39572050398097,2.43408094244782,5.79531308566202,5.83891228817822,0.249463068340239,0.356055429677531,0.437080621067928,0.376950990929883,0.339361143782193,0.0685362001145455,0.642985419683584,5.70242344960099,5.87610703429346,0.253318770201258,0.690303941386552,0.237190507249048,1.19704992956629,0.418337193927266,0.287414723535542,0.28542891746757,0.186578620671732,0.155432804493325,0.0981361407289701,0.917278736525534,0.173075403671161,0.202993955082024,0.383531080490214,0.644184198910951,0.341168610628199,1.48034736146835,1.28366127391903,1.24020639908412,1.05227302571782,0.613630973195602,0.331117480182505,1.1002401560177,0.250977912799386,1.15803181493209,1.94608324527851,0.645600820600883,0.337199146790006,0.647965437904404,0.0791416607882637,0.385886057167791,0.272084334509004,0.189206364081691,0.424967392724619,0.322275486641177,0.265110352440347,0.462713139574681
0.896205597420499,0.254653694821501,0.542125024349836,0.226665140686989,0.560719718398028,0.569931603367291,0.582479706202018,0.367736068701756,0,0.0747080303404607,0.0276787364504781,6.99673127224001,2.83824739210725,5.07883802206984,0.274061981963976,0.513992105990613,0.928364673845596,0.581354202296074,0.663047186270027,0.127831647672133,1.32195467020072,2.36770871314184,5.58355295465822,5.62660019911357,0.155771862701627,0.615339099241902,0.165449732108939,0.20351047108872,0.144313116310475,0.419053828616437,0.991390350165123,5.49563724693376,5.66369031197267,0.116308089571683,1.03120187606407,0.136799023728204,0.868081956968585,0.147191364569997,0.146461417765412,0.200723476149373,0.554251952453289,0.522380124306213,0.277904310619892,0.579317508064709,0.519026415687638,0.566438777422492,0.224803974271783,0.346545703094863,0.169606987777968,1.27411284700282,1.57764878989828,0.96081002935453,0.774898618215797,0.568562801843629,0.184118769013104,0.8072987316617,0.342632628962718,1.39946841625472,2.24259077967019,0.347127989917827,0.178147648287328,0.350381243650796,0.367575477024653,0.196268012491105,0.149386660132186,0.215035544622721,0.684347396600728,0.0667668964328718,0.125597585227517,0.537477898706109
0.928618406916876,0.287602528310902,0.569586894065872,0.263961216233312,0.589460296256632,0.599566381016872,0.656158708077274,0.441812503255235,0.0747080303404607,0,0.0476409199211822,6.96345573288255,2.7900606842523,5.05108761279974,0.199895043480281,0.588288671206965,1.00291265440175,0.517735738380449,0.594117358679451,0.105696460291594,1.32950286204855,2.3713356098311,5.55124211084136,5.59414175673567,0.226169418678519,0.684703528529939,0.175064054938122,0.24112966457214,0.193533925189298,0.49373904374835,1.06561822996655,5.46450316812097,5.63118938168753,0.191015049980087,1.10492138762283,0.211269421126337,0.800023754100386,0.163346695563422,0.210201367444103,0.260894007479678,0.628387167660923,0.596714306960667,0.350528790977799,0.522225496579599,0.593652220386453,0.63934849904355,0.261774965452009,0.296334894867309,0.217358487607975,1.25121644401578,1.64586456440543,0.903972144764723,0.72025283242916,0.597570171300794,0.234417693377023,0.764235586752864,0.407303379682719,1.46134690550432,2.31033507812674,0.2965628911631,0.226892817092365,0.299981702684693,0.442117571055895,0.230643278144537,0.216223163792664,0.287910965406234,0.752875343042295,0.134956216966489,0.197193146712373,0.588489665501713
0.911651060861743,0.268938534398216,0.555466688172084,0.242339668801134,0.574545295561164,0.584087097427259,0.608608566997558,0.394184075141678,0.0276787364504781,0.0476409199211822,0,6.98866464628292,2.82404021891772,5.0728977786044,0.246447775349205,0.540647783017223,0.955910427461019,0.555431695663329,0.635979364956784,0.110474451147868,1.32883075858104,2.373384699023,5.57583987665094,5.61882992353339,0.182737786433219,0.642290216060496,0.169757697486557,0.219094561033871,0.163622663605095,0.446243399136234,1.01903549975514,5.48838502101681,5.65590411334831,0.143698543490058,1.05888059792751,0.164423996750304,0.841219275489601,0.153569910101421,0.171238388241192,0.224522033127444,0.580755869749028,0.549073685550498,0.303240939855701,0.560923598062303,0.54652434931574,0.592017045243738,0.240342414528843,0.323801783868045,0.188658109791681,1.26967479363965,1.60440011025171,0.93679591116261,0.751432693129773,0.582495179944439,0.204261964981809,0.794771291067908,0.368192710580556,1.42453795520902,2.26924635611702,0.324288962300226,0.197658628095213,0.32759690207623,0.395139525364899,0.210551850368176,0.175237937287898,0.242615313160823,0.711109217261333,0.0925380400413881,0.15283435187984,0.558911488499249
6.4442047640275,6.81943733333346,6.61664491912737,6.84821819857731,6.61248816490644,6.61238380410026,7.3531638659832,7.21002367654265,6.99673127224001,6.96345573288255,6.98866464628292,0,4.27835587766462,1.95955086256235,6.90247512122602,7.28406918646141,7.38265533036732,7.04094375479255,6.95437071186086,7.05948277813233,5.88428829185988,4.99403748529237,1.41476440399263,1.37126899370637,7.00550748617916,7.04985945365353,6.84268070561929,6.86179243570329,6.91964048901442,7.19966819330377,7.36642771904306,1.50932131425695,1.3340899776687,7.04853589190378,7.33421163255341,7.04623059263051,6.97747465905561,6.86363967299318,6.96764953575827,6.94406821665212,7.31597200111504,7.28656769617985,7.18387348016929,6.47738388849055,7.21432660831837,7.36789787014343,6.84830897161103,7.09901556224111,6.90567996873339,5.7338836059196,7.1499915328443,7.23710779674257,7.21226651670684,6.60924657926083,6.90803556872042,6.20474397469737,6.96305379979498,6.87393387656869,7.24375870636781,7.09727279159291,6.90526554113522,7.09945380418895,7.14141612942368,6.85794347838721,6.98264827145935,7.042678137307,7.03840659183019,6.98718407191117,7.0097967257743,6.79545682900297
2.57086478652709,2.71747131749138,2.59507318020119,2.7414381373225,2.59926805853162,2.60380855306282,3.30887216114271,3.12402415750561,2.83824739210725,2.7900606842523,2.82404021891772,4.27835587766462,0,2.52152210231846,2.69056115578325,3.23270957065435,3.46950819738814,2.78177587588594,2.68798821401235,2.87389945280528,2.10527010120568,1.89864276250066,2.90897061056127,2.94809133355198,2.88731187237972,3.07739111906264,2.7048880217311,2.74887848337361,2.79565503815998,3.13432052493321,3.48383716958792,2.84599642192975,2.98337022297624,2.91475391094883,3.47637626255235,2.91876432222389,2.70028221266745,2.72572858586595,2.84768039729061,2.83941496278502,3.27131953843775,3.2377111211414,3.07223330878916,2.27347297120606,3.18131615008059,3.31264924208592,2.74082129545944,2.87176841361581,2.78819233565808,1.71036277180209,3.5879911772097,2.95895543436337,2.94019751395403,2.59915401070169,2.795650382891,2.03280782247459,2.90258495863814,3.2689030125144,4.01798456577979,2.86986216319995,2.79057659010932,2.87158537018212,3.07026423481726,2.74130046088529,2.86350152795077,2.93831339098414,3.0931228646182,2.84563555918593,2.88302403244099,2.80087581161064
4.48902867309451,4.88873388655082,4.67409786305566,4.91823475960616,4.66882972873295,4.66810561333609,5.40686159450861,5.27173597085135,5.07883802206984,5.05108761279974,5.0728977786044,1.95955086256235,2.52152210231846,0,5.00766840314725,5.33932526405876,5.42494825664809,5.18000154950666,5.10435770187206,5.15050574163034,3.92856132829782,3.04016850325033,0.592792070529391,0.635342232168023,5.07629151418246,5.09770649519634,4.92059503514658,4.93306105664486,4.99289104550934,5.25783519706079,5.40769665501096,0.47511793912724,0.669300844881899,5.1227637231907,5.3749903554885,5.1188359868498,5.15446652905183,4.94130935233946,5.03931389979331,5.01244584195102,5.37000951994437,5.34143814026976,5.25114584987255,4.58520680401612,5.2675934596934,5.4230497048531,4.9184857072445,5.21033406411316,4.97749600274762,3.80648397530682,5.19987789008084,5.41901089300535,5.36974578118706,4.66520450503468,4.97860716873507,4.30417915881057,5.02270522697878,4.91888375205287,5.33288620371532,5.20871748439632,4.97641483163367,5.21116081577907,5.20110674211661,4.93015274753865,5.05393262365527,5.10986376134686,5.08411000632641,5.06429600606575,5.08265614719679,4.84759674159052
1.05815090368901,0.445329506531099,0.699244653460832,0.429754242816695,0.720729133596758,0.732148613320581,0.849284646583837,0.637070001326089,0.274061981963976,0.199895043480281,0.246447775349205,6.90247512122602,2.69056115578325,5.00766840314725,0,0.783918574545025,1.20229870160514,0.348392764002895,0.405636132903403,0.215117996963983,1.39596584906838,2.41952467086225,5.49427648296609,5.5367090765928,0.425027617208949,0.880901919074421,0.321425302608919,0.409672161424083,0.378436106524099,0.691723604932503,1.26542871287755,5.41099137598142,5.57359692392643,0.389994488495686,1.30479409838059,0.410860418122087,0.612114915839021,0.320905290720698,0.40529427220698,0.451635809492849,0.823263382874714,0.792488188056438,0.542584192322912,0.425110791969867,0.792840043912597,0.830062319518886,0.427380957695613,0.209127262299976,0.398923912624891,1.23853711252543,1.83928651989108,0.746334886320522,0.573021181448345,0.729026188281115,0.417152303331135,0.70382555041756,0.599675826831625,1.64441123078954,2.50263799199396,0.207890856864122,0.408656525905506,0.210886522417963,0.641568340592189,0.396603046465818,0.413186681699216,0.4876571784016,0.947905465798012,0.333987352644295,0.396700677224614,0.759103999986203
0.891071127607413,0.522176572640344,0.668032164114193,0.502708041715732,0.671611114657793,0.671714506600964,0.0769194766912639,0.146848690771358,0.513992105990613,0.588288671206965,0.540647783017223,7.28406918646141,3.23270957065435,5.33932526405876,0.783918574545025,0,0.43258244690827,1.04160516934707,1.14293306508118,0.584651718927136,1.43550852551282,2.45960214864074,5.8700311022778,5.91381208295997,0.387296755629735,0.303374939541713,0.571188038216252,0.501129864604775,0.472995027897714,0.102882745135758,0.504599479258682,5.77519022062987,5.95101095661968,0.398748804772462,0.555771953543271,0.381323042908026,1.33865967464306,0.553729934118942,0.422883323363002,0.410176519011909,0.041595687965992,0.00883674649462427,0.243139968335761,1.05286294464004,0.0839101525619399,0.0838296820281946,0.503839858927495,0.784670947548612,0.470690927717409,1.56721696760295,1.16708906386265,1.37087159994429,1.18402566685896,0.674824280307909,0.458040234022128,1.22057668839884,0.331035486572858,1.06811416860218,1.82485865563623,0.786177860103714,0.465210463931658,0.788384662373432,0.167054952044416,0.511810451757995,0.408403887028234,0.322955808459618,0.360515124084091,0.466013725352697,0.406550245914922,0.495333364420075
0.944685211871519,0.86229605629657,0.882846524479889,0.853662347937179,0.875634053682039,0.869773996009263,0.389424052110559,0.573903235545537,0.928364673845596,1.00291265440175,0.955910427461019,7.38265533036732,3.46950819738814,5.42494825664809,1.20229870160514,0.43258244690827,0,1.47366934520596,1.57329801547408,1.0122960030931,1.50032284616032,2.44593119965396,5.97625843718285,6.02044422545112,0.78360538272234,0.401207851245195,0.947017290522684,0.860777098302507,0.854381678866588,0.512722275631991,0.0788364076693527,5.87546088140616,6.05749560164639,0.812305037054522,0.142019650530773,0.791643414202867,1.7705511176108,0.933695233434259,0.811866144757222,0.780915314927044,0.400482544731677,0.423768637678499,0.672032807499477,1.4143883151515,0.409525108185095,0.42228359160034,0.855501754340605,1.216888380475,0.843893592943144,1.76297786310772,0.780061566247389,1.80061454273112,1.61463308397353,0.874745920133131,0.827394224575429,1.52885496418647,0.650677686975196,0.767950900009392,1.41776506840807,1.21836790440422,0.835952183678885,1.2206236237968,0.560797027452751,0.873975166827401,0.800180182058293,0.718306400610451,0.376562000149095,0.871858871192068,0.809099415284685,0.674460239695506
1.40537425374607,0.790205452917696,1.04731003000627,0.772079507625686,1.06886260522988,1.08034458541955,1.09435207891331,0.900473697831874,0.581354202296074,0.517735738380449,0.555431695663329,7.04094375479255,2.78177587588594,5.18000154950666,0.348392764002895,1.04160516934707,1.47366934520596,0,0.120775075489134,0.46994026476975,1.71416156085076,2.71540110025331,5.64345770238277,5.68498566548421,0.736473492691953,1.19471571737176,0.666630893539855,0.750736352364109,0.710470090670153,0.964535893325422,1.54345900439957,5.5660489378938,5.72149023779663,0.685192044793824,1.58991809027393,0.708545131006229,0.297159787343644,0.663612588283581,0.726451206358273,0.77845724722835,1.0761893560982,1.05044115264222,0.802480039620663,0.643055719011085,1.07053471569419,1.06763465835918,0.769740172570135,0.257012373974508,0.733415782151329,1.48976948736991,2.15734860719147,0.398532563315923,0.235181230701769,1.07715650461676,0.751020977491455,0.928111264071331,0.923607399093478,1.97907051990241,2.82261906092866,0.255469856796617,0.74310868154192,0.253339749890464,0.926785997943525,0.738407491684974,0.730606871936101,0.791096453578119,1.26452149572707,0.647860971930117,0.705757163027316,1.1015860902049
1.442828274665,0.850019322615431,1.0903101459081,0.835277580718206,1.11215760105094,1.12402149273549,1.19877585170696,0.999412696516391,0.663047186270027,0.594117358679451,0.635979364956784,6.95437071186086,2.68798821401235,5.10435770187206,0.405636132903403,1.14293306508118,1.57329801547408,0.120775075489134,0,0.56212518398487,1.71466920391578,2.69663452128489,5.56064931289694,5.60189573936428,0.818715163047289,1.27825393084845,0.726354463205326,0.815305818580461,0.78211703098935,1.06154609426451,1.6413637863389,5.4849550626507,5.63826782717264,0.772741799077983,1.68572528815308,0.795587619855744,0.206594652241686,0.726493842390115,0.804257250930511,0.85360468117076,1.17881290079985,1.15175998661648,0.901303854230031,0.616608672159461,1.16683621523444,1.17341551928748,0.832901896432935,0.363888842539424,0.803491349204517,1.45443150113836,2.23996578259452,0.384710387698523,0.268803112266947,1.12037918930508,0.821597151043454,0.891361154615443,1.00102601733055,2.04994450719903,2.90443205977982,0.362110348212813,0.813244523067922,0.360526068300882,1.01994809073752,0.802208728693655,0.810209706149653,0.876985037341014,1.3468434442559,0.728118190620019,0.788640948087497,1.16423747802693
1.02210398233417,0.379412564987836,0.665781739798813,0.352647889603515,0.68494665250891,0.69452914186068,0.645364206937755,0.439183738758802,0.127831647672133,0.105696460291594,0.110474451147868,7.05948277813233,2.87389945280528,5.15050574163034,0.215117996963983,0.584651718927136,1.0122960030931,0.46994026476975,0.56212518398487,0,1.43402572068018,2.47662492511238,5.64801047483154,5.69081289181478,0.272713063733895,0.726198173422859,0.27623059774932,0.329401444219247,0.27202342672777,0.499832467056798,1.07952236951612,5.56200166035136,5.72783004278407,0.216266920594024,1.12360384385364,0.239799403064276,0.76324187276039,0.261835261344416,0.271165601582171,0.326394501042749,0.622215159176062,0.593417395485027,0.341583530412533,0.600731807599114,0.604812292558786,0.623472570870448,0.350676823845432,0.223636516893477,0.297290131568554,1.35369218567582,1.6883178579229,0.839198232262749,0.652032237951484,0.692910780506162,0.311950406676536,0.856166195462514,0.463184385598183,1.51960908096746,2.35366542156135,0.224470859555708,0.305929119634851,0.227539001899483,0.458111270585675,0.321017176886178,0.271496661448473,0.322597754959403,0.796566964546469,0.191726487001063,0.241813047372137,0.6647478570112
0.560597088924375,1.07744893153546,0.805530683049226,1.10834259325528,0.79328061772897,0.788573996289491,1.49672774156803,1.39572050398097,1.32195467020072,1.32950286204855,1.32883075858104,5.88428829185988,2.10527010120568,3.92856132829782,1.39596584906838,1.43550852551282,1.50032284616032,1.71416156085076,1.71466920391578,1.43402572068018,0,1.04808381093889,4.4763041400229,4.52046667992293,1.25640458530956,1.17325923048087,1.15912721408195,1.12924107957922,1.19465242497224,1.36708317190006,1.48959349023974,4.37616925077188,4.55754043570022,1.31765053638896,1.46386081392154,1.30531862019774,1.88514031365164,1.17557538105902,1.22748938785728,1.18438769164847,1.4614791325911,1.43620977165648,1.40162705667791,1.11094270862936,1.35786920389682,1.51751483023065,1.10954357532499,1.59357040369376,1.1724000818743,0.530461575510807,1.48287885800695,2.09839734212928,1.94932915787187,0.787385482588593,1.16610558038386,0.893876085652738,1.14699742399733,1.16379005826041,1.94929086677718,1.59290679689422,1.16750716381174,1.59629599591721,1.31862383290345,1.13235909751646,1.23868956135255,1.26825832039579,1.15607713124092,1.28079497322144,1.27362209117478,0.941044702032039
1.56853281825206,2.12531061036348,1.85242812994892,2.15624595423434,1.83932560762179,1.83396389687077,2.5144894529305,2.43408094244782,2.36770871314184,2.3713356098311,2.373384699023,4.99403748529237,1.89864276250066,3.04016850325033,2.41952467086225,2.45960214864074,2.44593119965396,2.71540110025331,2.69663452128489,2.47662492511238,1.04808381093889,0,3.61764018610719,3.66179162764232,2.30435272180314,2.17713285197106,2.20368587124618,2.17699044144383,2.24240385717396,2.40003529313701,2.41610755426949,3.50781912491064,3.69792563292732,2.36573434653159,2.37526847621542,2.35333298867886,2.84327395571894,2.22079118977198,2.27557317342755,2.23223761877069,2.48132975466041,2.45922817637273,2.44613164138237,2.08005703905865,2.37855056460805,2.53890638200166,2.15741980406805,2.62345242261193,2.22032161179874,1.26504995307163,2.16041844365241,3.07981386367525,2.94860063191493,1.83310930619446,2.21416529788514,1.81320599862102,2.18865109310246,1.87990496134167,2.364686362293,2.6225989896871,2.21551184763158,2.62589293200413,2.35577329661949,2.17983466460785,2.28675095669721,2.31478304127211,2.14615042410676,2.32820485712594,2.32170547463529,1.97295370059762
5.03523439569441,5.40478571369976,5.20240129513468,5.43361013187141,5.19842028357791,5.19842741470199,5.939429992449,5.79531308566202,5.58355295465822,5.55124211084136,5.57583987665094,1.41476440399263,2.90897061056127,0.592792070529391,5.49427648296609,5.8700311022778,5.97625843718285,5.64345770238277,5.56064931289694,5.64801047483154,4.4763041400229,3.61764018610719,0,0.0442971290021155,5.59097181043018,5.63837716458994,5.42883427590247,5.44726963242363,5.50529325027679,5.78522339902855,5.96233263298693,0.121538995029304,0.0812373397786824,5.63431378862033,5.93199184835976,5.63184964496827,5.5942099624147,5.44976849936684,5.55317438715524,5.52938481565811,5.90217117817206,5.87260173667493,5.7691636865432,5.06944840586305,5.80073366493318,5.95386029762131,5.43371065131453,5.69270249228863,5.49120621116649,4.31925637799331,5.77799094431696,5.85645099466275,5.82183166091269,5.19524734559165,5.49347089127618,4.79447213418053,5.54849778558432,5.49264833830353,5.92330489353866,5.69099420833658,5.49074091845789,5.69325308198922,5.72683418618661,5.44349294582729,5.56814603845343,5.62795605045629,5.62832638279853,5.57328003229571,5.5954317397171,5.38231073441105
5.07936016638508,5.4481936063722,5.24615037886413,5.47699654115906,5.24220103484271,5.24222576871892,5.98325376577229,5.83891228817822,5.62660019911357,5.59414175673567,5.61882992353339,1.37126899370637,2.94809133355198,0.635342232168023,5.5367090765928,5.91381208295997,6.02044422545112,5.68498566548421,5.60189573936428,5.69081289181478,4.52046667992293,3.66179162764232,0.0442971290021155,0,5.63432828671943,5.68238809191517,5.4720047126567,5.49062080116292,5.54858666465877,5.82892400427591,6.00656071077155,0.161523819761315,0.0372000445228735,5.67757312413616,5.97624481616295,5.67515370128315,5.63474955997934,5.49294434528497,5.59650869160939,5.5728111530151,5.94598646317502,5.91639385474121,5.81260811642911,5.1118404891449,5.84457574256016,5.99764082871731,5.47709264261386,5.73495973837912,5.53453982589541,4.36264955977279,5.82215589038867,5.89684904310629,5.86286702133776,5.23903914809068,5.53683862797073,4.83710875002299,5.59216723205392,5.53689368001722,5.96667258193585,5.73324820634489,5.53409290049561,5.73549997598126,5.77049397642883,5.48681848583919,5.6114899773333,5.67141017898048,5.672404717955,5.61646385884504,5.63873082002986,5.42620356553595
0.788730226704334,0.188235928677777,0.45367592029287,0.158174983308699,0.468781047139234,0.47577962508132,0.461303953003871,0.249463068340239,0.155771862701627,0.226169418678519,0.182737786433219,7.00550748617916,2.88731187237972,5.07629151418246,0.425027617208949,0.387296755629735,0.78360538272234,0.736473492691953,0.818715163047289,0.272713063733895,1.25640458530956,2.30435272180314,5.59097181043018,5.63432828671943,0,0.459581790160839,0.188099091571711,0.143732999164933,0.0919893454624874,0.286012754291053,0.843640436978092,5.50041964413671,5.6714900066351,0.0672449702494782,0.880913250238522,0.0495669429250099,1.02385049708941,0.168974907843471,0.0396384242135834,0.0725415497044628,0.428823843545997,0.394962238275104,0.184935147294386,0.667877260850035,0.377548970752977,0.452097897509953,0.157849623006243,0.496247859760807,0.100522927279172,1.27182784192101,1.42189664992191,1.11183024043497,0.924744790158021,0.475738092867049,0.0976844278395314,0.857459477521717,0.190577673273063,1.2470125107621,2.08688278885277,0.497034368739019,0.100262253240912,0.500142840526973,0.22683710053597,0.148409207264801,0.0238103734886203,0.0658324964893194,0.528603085305931,0.0912206393043115,0.030944978193087,0.403345655511802
0.615332134675332,0.483835504681768,0.484034103702248,0.481974757506829,0.478441668616115,0.473610515479859,0.342827026040812,0.356055429677531,0.615339099241902,0.684703528529939,0.642290216060496,7.04985945365353,3.07739111906264,5.09770649519634,0.880901919074421,0.303374939541713,0.401207851245195,1.19471571737176,1.27825393084845,0.726198173422859,1.17325923048087,2.17713285197106,5.63837716458994,5.68238809191517,0.459581790160839,0,0.586537211068534,0.494223521462038,0.505948976167802,0.291911280831375,0.436257878920735,5.5406422734016,5.71954734942861,0.509977378871675,0.455297934202317,0.486492460385223,1.4834170123968,0.577584338500049,0.475665954470802,0.43086569141317,0.313956630582138,0.30008263523719,0.432953529121596,1.03028921692002,0.21997338331879,0.372023036037952,0.484116667192225,0.948448147545831,0.48914671025924,1.37764264209018,0.962672791236062,1.56156642503845,1.37323258217948,0.478312203585945,0.471043656859495,1.12887714166371,0.284141905605252,0.807062911266455,1.62790500896589,0.94945987198469,0.479906687688941,0.952360144574164,0.292652521452536,0.508169433692567,0.468537346798476,0.40375330632576,0.0714110114875493,0.550184896983773,0.489850954032323,0.276597626543359
0.755652996239661,0.123922336584311,0.395606467278986,0.110300485627266,0.415861600892601,0.426286154284601,0.646505102088935,0.437080621067928,0.165449732108939,0.175064054938122,0.169757697486557,6.84268070561929,2.7048880217311,4.92059503514658,0.321425302608919,0.571188038216252,0.947017290522684,0.666630893539855,0.726354463205326,0.27623059774932,1.15912721408195,2.20368587124618,5.42883427590247,5.4720047126567,0.188099091571711,0.586537211068534,0,0.0933346497109989,0.0982427953966587,0.468588608567943,1.00104059069171,5.33992719626852,5.50912661529682,0.210299124579672,1.03193762574799,0.214062552991454,0.932428278010454,0.0211012524711814,0.149667548548593,0.166638498318654,0.612772764036421,0.578450198819766,0.370093599612591,0.481680088536844,0.551477587540264,0.639061987723917,0.10793175844183,0.466389834105215,0.103455762955446,1.11435072618742,1.53093910825234,1.06140498983328,0.881751705323299,0.424043573176656,0.119623297295556,0.672754283783645,0.303449623007358,1.32555786473123,2.19139540746415,0.466380653778691,0.111087806261211,0.469854491566339,0.406110651506551,0.0793696610168459,0.165050090016037,0.248975474992218,0.648588265988426,0.144601916022905,0.178861868007912,0.437883916195734
0.692869720041082,0.0522266962684799,0.339241519507287,0.0232472228076349,0.357478095254183,0.366534069440759,0.577701053182511,0.376950990929883,0.20351047108872,0.24112966457214,0.219094561033871,6.86179243570329,2.74887848337361,4.93306105664486,0.409672161424083,0.501129864604775,0.860777098302507,0.750736352364109,0.815305818580461,0.329401444219247,1.12924107957922,2.17699044144383,5.44726963242363,5.49062080116292,0.143732999164933,0.494223521462038,0.0933346497109989,0,0.0654147723241682,0.398397575449096,0.912722388711721,5.35678778551266,5.52778159020154,0.193090335095889,0.941979472391331,0.186236399774828,1.02174350832656,0.0890091113098312,0.106274477569427,0.09175064169918,0.542353616141789,0.507771786526938,0.326071833691616,0.557728139531041,0.47278281496051,0.574133188059598,0.0213037103315378,0.537437044865086,0.0448979796641958,1.12818058682051,1.4377963892801,1.14232772046496,0.960118398806955,0.365260297696934,0.0470477915377504,0.723333438526741,0.21262422572666,1.23498320693463,2.09861496027367,0.537680787412763,0.0434738597515231,0.541095135969987,0.334100367946957,0.0140040714306965,0.120934246031036,0.189442513951975,0.555588545778614,0.152371030859929,0.150665944596689,0.350853779630492
0.753257095110948,0.117370496413772,0.402723366708678,0.08686519605555,0.420401559022213,0.429056083082678,0.548262912682118,0.339361143782193,0.144313116310475,0.193533925189298,0.163622663605095,6.91964048901442,2.79565503815998,4.99289104550934,0.378436106524099,0.472995027897714,0.854381678866588,0.710470090670153,0.78211703098935,0.27202342672777,1.19465242497224,2.24240385717396,5.50529325027679,5.54858666465877,0.0919893454624874,0.505948976167802,0.0982427953966587,0.0654147723241682,0,0.370464647725218,0.910573515316479,5.4153156326823,5.58573608871232,0.130208026772853,0.943861162589955,0.126684608227888,0.98865124812803,0.0811021095080861,0.0524985840132969,0.0754147790411279,0.514584689012987,0.480291660873552,0.276639602698628,0.5799018774301,0.455048140559719,0.540979639167894,0.0854547184928261,0.486815269812678,0.0253016064506972,1.18697283017018,1.46107855087778,1.09739402552064,0.91316985780457,0.428041986112263,0.0409625094329328,0.765479389319668,0.222359896748949,1.26926845107427,2.12421142724804,0.48722744370837,0.0340368452058031,0.490573713607247,0.308305464475289,0.064006261393909,0.0682874174142259,0.150801506564006,0.57126569731987,0.0877877621227237,0.0901899121872663,0.395805385416015
0.834102913039602,0.420577353621005,0.583738444147977,0.40040170877968,0.589385328563474,0.590708341141401,0.179304320310907,0.0685362001145455,0.419053828616437,0.49373904374835,0.446243399136234,7.19966819330377,3.13432052493321,5.25783519706079,0.691723604932503,0.102882745135758,0.512722275631991,0.964535893325422,1.06154609426451,0.499832467056798,1.36708317190006,2.40003529313701,5.78522339902855,5.82892400427591,0.286012754291053,0.291911280831375,0.468588608567943,0.398397575449096,0.370464647725218,0,0.579817994342833,5.69128051834848,5.8661238220775,0.302837001541838,0.625391174681431,0.28385977909839,1.26059299631064,0.451339416886444,0.320795603619313,0.307325756224997,0.144355780603927,0.109905796502488,0.163001495020825,0.950215951164581,0.106212739284219,0.178414288617375,0.401483622281748,0.708928472095645,0.367833990252473,1.47616772578224,1.21525301790802,1.30771363214396,1.11963768228192,0.593338803483462,0.355162584938372,1.11885912471823,0.237677409015692,1.09071245575737,1.87789678558408,0.710292588256548,0.362328146349786,0.712741031152444,0.0646927779068284,0.408986887946092,0.306570335082271,0.221017285372105,0.359514487262915,0.367543133694541,0.306750623389425,0.427372987692846
0.94012848081208,0.910646193239852,0.908781777021342,0.904116815088725,0.899856501723449,0.893100565828407,0.465337977811535,0.642985419683584,0.991390350165123,1.06561822996655,1.01903549975514,7.36642771904306,3.48383716958792,5.40769665501096,1.26542871287755,0.504599479258682,0.0788364076693527,1.54345900439957,1.6413637863389,1.07952236951612,1.48959349023974,2.41610755426949,5.96233263298693,6.00656071077155,0.843640436978092,0.436257878920735,1.00104059069171,0.912722388711721,0.910573515316479,0.579817994342833,0,5.86051573381592,6.04355807072659,0.875888114505112,0.0649601142940072,0.854618172544436,1.83997283855295,0.988708522037981,0.870087760980223,0.836140443461386,0.474321094976087,0.49585078879638,0.741014594133285,1.46182916470441,0.474821396352468,0.498890513848909,0.906055975410843,1.28705941259943,0.898631317264577,1.77450907816078,0.701848377962547,1.87474861479695,1.68830068722985,0.898271110883321,0.881640553889481,1.56417155838995,0.70071741526829,0.701290176000753,1.3390899152865,1.28849528820174,0.890334320076396,1.29082672104915,0.624390593723455,0.926202429276988,0.85910248583447,0.779024820831099,0.399885868532942,0.933101259494022,0.870161139282707,0.701216656992559
4.93572543177054,5.31379447779813,5.10800994308905,5.34281123660647,5.10367271006232,5.10347770373929,5.84408593765503,5.70242344960099,5.49563724693376,5.46450316812097,5.48838502101681,1.50932131425695,2.84599642192975,0.47511793912724,5.41099137598142,5.77519022062987,5.87546088140616,5.5660489378938,5.4849550626507,5.56200166035136,4.37616925077188,3.50781912491064,0.121538995029304,0.161523819761315,5.50041964413671,5.5406422734016,5.33992719626852,5.35678778551266,5.4153156326823,5.69128051834848,5.86051573381592,0,0.194341413973049,5.54461342368373,5.82943519579319,5.54175840245477,5.52255478025263,5.36081228984127,5.46282690691267,5.43820362201169,5.80693110844191,5.77763339229113,5.67777859437255,4.98653457104519,5.70518917600317,5.85901428523245,5.34295201584942,5.61059042619836,5.40087466009367,4.22860823894235,5.6682141246881,5.78551374254702,5.74731761697904,5.10037366681167,5.4028322206302,4.70987070268872,5.4549181786727,5.38445809499814,5.80771998649825,5.60890453509506,5.40024483571717,5.61121121058987,5.63333145045456,5.35324103966058,5.47771003912021,5.53650066413827,5.52955984696493,5.48423605887902,5.50539001125114,5.28619720709823
5.11646258274323,5.48536442158816,5.28335020945891,5.51416369278225,5.27939989165276,5.27942372016293,6.02044996490222,5.87610703429346,5.66369031197267,5.63118938168753,5.65590411334831,1.3340899776687,2.98337022297624,0.669300844881899,5.57359692392643,5.95101095661968,6.05749560164639,5.72149023779663,5.63826782717264,5.72783004278407,4.55754043570022,3.69792563292732,0.0812373397786824,0.0372000445228735,5.6714900066351,5.71954734942861,5.50912661529682,5.52778159020154,5.58573608871232,5.8661238220775,6.04355807072659,0.194341413973049,0,5.71471528947858,6.01319670818463,5.71230524166616,5.67076771822632,5.53006753683361,5.63366624125388,5.6099849280362,5.9831833252868,5.95359218986015,5.84978464090255,5.14871382480385,5.8817702574167,6.03483972488875,5.51425902160621,5.77177934820724,5.57169726801783,4.39981833654426,5.85831698825803,5.93279197431015,5.89913523160536,5.27623746799537,5.57400244385681,4.87407166860438,5.62936617952211,5.57329140134814,6.00143155905299,5.77006652819949,5.57125382418198,5.77231546487813,5.80769251567067,5.52397438161813,5.64864936009127,5.70858819589447,5.70953542915404,5.65358888244409,5.6758813645673,5.4633915205081
0.85550408255101,0.242600721881819,0.517413152518187,0.211573792480526,0.533164418629799,0.540533684297694,0.468598160283065,0.253318770201258,0.116308089571683,0.191015049980087,0.143698543490058,7.04853589190378,2.91475391094883,5.1227637231907,0.389994488495686,0.398748804772462,0.812305037054522,0.685192044793824,0.772741799077983,0.216266920594024,1.31765053638896,2.36573434653159,5.63431378862033,5.67757312413616,0.0672449702494782,0.509977378871675,0.210299124579672,0.193090335095889,0.130208026772853,0.302837001541838,0.875888114505112,5.54461342368373,5.71471528947858,0,0.916600988160176,0.0235667100001481,0.976243158603775,0.189295817566793,0.0901616843993187,0.138009049914158,0.439356827649207,0.407038724438463,0.168852986653838,0.674642594630138,0.402858847428823,0.454325540375512,0.210728332341392,0.439238313290079,0.148254710885803,1.31659198145604,1.47232325702503,1.05417111683684,0.866398412027615,0.54028842931507,0.151972166137622,0.882159613417255,0.252599140081038,1.30527613945151,2.13765371247034,0.440171501148849,0.15156278526711,0.443150591315997,0.251640269019494,0.193874536689808,0.0797629869870251,0.106341329898442,0.580300293676745,0.0721018783033695,0.0440584989567537,0.470101175705936
0.920957202023261,0.936581497445225,0.914961782267693,0.93202167472809,0.904627486804893,0.89714953228818,0.52134571748026,0.690303941386552,1.03120187606407,1.10492138762283,1.05888059792751,7.33421163255341,3.47637626255235,5.3749903554885,1.30479409838059,0.555771953543271,0.142019650530773,1.58991809027393,1.68572528815308,1.12360384385364,1.46386081392154,2.37526847621542,5.93199184835976,5.97624481616295,0.880913250238522,0.455297934202317,1.03193762574799,0.941979472391331,0.943861162589955,0.625391174681431,0.0649601142940072,5.82943519579319,6.01319670818463,0.916600988160176,0,0.894781900256717,1.88579265039333,1.02059264355867,0.905487969389745,0.868810852817858,0.527713909544397,0.547143281367774,0.787851575865692,1.48538579084125,0.5194084009219,0.55575328747293,0.93404508802922,1.33420965264273,0.930576313615807,1.76607013960686,0.638089365158691,1.92660862308874,1.73959126116588,0.902458978984156,0.913188792655512,1.57646735264158,0.729357598314375,0.639036234359477,1.27903832865692,1.33559212843164,0.921975360686414,1.33801100898656,0.6662139322924,0.955669558719069,0.895226630092604,0.817234696121223,0.410196424117017,0.971264656237977,0.908350936772585,0.709566199973116
0.837791002268094,0.233740247389306,0.503112287719435,0.203021557452806,0.518308437520622,0.52533697334049,0.452373782806819,0.237190507249048,0.136799023728204,0.211269421126337,0.164423996750304,7.04623059263051,2.91876432222389,5.1188359868498,0.410860418122087,0.381323042908026,0.791643414202867,0.708545131006229,0.795587619855744,0.239799403064276,1.30531862019774,2.35333298867886,5.63184964496827,5.67515370128315,0.0495669429250099,0.486492460385223,0.214062552991454,0.186236399774828,0.126684608227888,0.28385977909839,0.854618172544436,5.54175840245477,5.71230524166616,0.0235667100001481,0.894781900256717,0,0.999301524849115,0.193432721139314,0.0802842800828697,0.122073521111355,0.422252758101655,0.389483570263249,0.157905061562858,0.685161314393928,0.382450231467447,0.439426776458172,0.202417144685211,0.462805015929277,0.141495065308714,1.31327660811033,1.44890240214747,1.07771851099904,0.889926105221082,0.525281443206149,0.142459929439652,0.886815447800157,0.229876509826714,1.28180130757194,2.11422487413767,0.463737921411252,0.143364994205315,0.466717290380852,0.23085046674449,0.188684936846745,0.0671378207962675,0.0827983549834058,0.556775655671741,0.0850908829312056,0.0365150287024487,0.449394251917615
1.64039625531865,1.05593077668394,1.29124596146051,1.04159260766125,1.31314266122745,1.32511904305269,1.39145229632631,1.19704992956629,0.868081956968585,0.800023754100386,0.841219275489601,6.97747465905561,2.70028221266745,5.15446652905183,0.612114915839021,1.33865967464306,1.7705511176108,0.297159787343644,0.206594652241686,0.76324187276039,1.88514031365164,2.84327395571894,5.5942099624147,5.63474955997934,1.02385049708941,1.4834170123968,0.932428278010454,1.02174350832656,0.98865124812803,1.26059299631064,1.83997283855295,5.52255478025263,5.67076771822632,0.976243158603775,1.88579265039333,0.999301524849115,0,0.932876395474079,1.01022401854029,1.05993202612063,1.3733412731348,1.34749623786855,1.098971523331,0.77508166700566,1.36640734243448,1.36455015917718,1.03921557831306,0.554166926762323,1.01007768318724,1.58654200086949,2.44559104152336,0.265096520909435,0.269122105944199,1.3213130078174,1.02817669581031,1.03006857487751,1.20718320643838,2.25649804959404,3.11028862056465,0.552615653689763,1.01983114290745,0.550498737430913,1.22126668524021,1.00859973695724,1.01588585513108,1.08118482466183,1.55232202719893,0.933569829225607,0.993582748328632,1.37024980704124
0.765399631265464,0.127307909901966,0.406254296739143,0.108909980378057,0.426116250739826,0.436250350990984,0.628729465113193,0.418337193927266,0.147191364569997,0.163346695563422,0.153569910101421,6.86363967299318,2.72572858586595,4.94130935233946,0.320905290720698,0.553729934118942,0.933695233434259,0.663612588283581,0.726493842390115,0.261835261344416,1.17557538105902,2.22079118977198,5.44976849936684,5.49294434528497,0.168974907843471,0.577584338500049,0.0211012524711814,0.0890091113098312,0.0811021095080861,0.451339416886444,0.988708522037981,5.36081228984127,5.53006753683361,0.189295817566793,1.02059264355867,0.193432721139314,0.932876395474079,0,0.13120132970767,0.15278831663958,0.595325483630228,0.561096715272319,0.34990881889035,0.499467416176154,0.535961476314975,0.620672296783726,0.106542766399217,0.457615360239732,0.0900921732378656,1.1349934184778,1.52572083824075,1.05691054364663,0.876082047740713,0.434230328951079,0.107430364774312,0.693459558554885,0.293678557819682,1.32396520124477,2.18705168334362,0.45769350468491,0.0986238481831896,0.461152424250242,0.389379455967082,0.0757242655044679,0.146295379708148,0.230991203230616,0.640722511393581,0.123577993056859,0.15850722099982,0.438610858512062
0.769967692788699,0.153537051578273,0.4279762644463,0.122752398455007,0.444130026240489,0.451797574602459,0.497631291850441,0.287414723535542,0.146461417765412,0.210201367444103,0.171238388241192,6.96764953575827,2.84768039729061,5.03931389979331,0.40529427220698,0.422883323363002,0.811866144757222,0.726451206358273,0.804257250930511,0.271165601582171,1.22748938785728,2.27557317342755,5.55317438715524,5.59650869160939,0.0396384242135834,0.475665954470802,0.149667548548593,0.106274477569427,0.0524985840132969,0.320795603619313,0.870087760980223,5.46282690691267,5.63366624125388,0.0901616843993187,0.905487969389745,0.0802842800828697,1.01022401854029,0.13120132970767,0,0.0554864224575874,0.464473364245517,0.430351503622071,0.224557746626314,0.630658749934379,0.408743262760285,0.489510984899878,0.122133794444696,0.492671091079049,0.0619696276688962,1.23422840600564,1.43582491220085,1.10726401756666,0.921223839155443,0.451377641993168,0.0623098660153741,0.817876706047627,0.197284150457223,1.25330753053522,2.1001748116317,0.493299865577212,0.063131120880643,0.496523846991983,0.259811842418797,0.109783255997386,0.0158367139679515,0.0999371134877536,0.543164397784603,0.0799116185588903,0.046170865592683,0.39495508938107
0.717718399214059,0.125021247934137,0.381167526581063,0.098263689947253,0.396241441022882,0.403271766714778,0.486558511296384,0.28542891746757,0.200723476149373,0.260894007479678,0.224522033127444,6.94406821665212,2.83941496278502,5.01244584195102,0.451635809492849,0.410176519011909,0.780915314927044,0.77845724722835,0.85360468117076,0.326394501042749,1.18438769164847,2.23223761877069,5.52938481565811,5.5728111530151,0.0725415497044628,0.43086569141317,0.166638498318654,0.09175064169918,0.0754147790411279,0.307325756224997,0.836140443461386,5.43820362201169,5.6099849280362,0.138009049914158,0.868810852817858,0.122073521111355,1.05993202612063,0.15278831663958,0.0554864224575874,0,0.451532947055702,0.416977325985088,0.240009295118823,0.645152567191887,0.385497822835593,0.482480522025293,0.0987289261827572,0.547258168721598,0.0631837703051588,1.21026051989266,1.38770006056169,1.16126508102742,0.975588150192457,0.403207935509289,0.0481847283305088,0.815010352465096,0.148047799481704,1.20066528286067,2.051382985743,0.547848035378228,0.0560327994144431,0.551097087622175,0.24335705632039,0.101712666392714,0.0594096751272634,0.0998323351395311,0.496703753085666,0.134761903772352,0.0954005164000645,0.339488646581536
0.913302413933806,0.562731670033852,0.701449416276548,0.543644094800415,0.704227622599447,0.703864765250878,0.0378603636919085,0.186578620671732,0.554251952453289,0.628387167660923,0.580755869749028,7.31597200111504,3.27131953843775,5.37000951994437,0.823263382874714,0.041595687965992,0.400482544731677,1.0761893560982,1.17881290079985,0.622215159176062,1.4614791325911,2.48132975466041,5.90217117817206,5.94598646317502,0.428823843545997,0.313956630582138,0.612772764036421,0.542353616141789,0.514584689012987,0.144355780603927,0.474321094976087,5.80693110844191,5.9831833252868,0.439356827649207,0.527713909544397,0.422252758101655,1.3733412731348,0.595325483630228,0.464473364245517,0.451532947055702,0,0.0345851115452246,0.281326278996274,1.09444440153166,0.10361110918083,0.0582337498251857,0.544805012255902,0.819177024591358,0.512189732506321,1.60260523263169,1.14624932254871,1.40047619352266,1.21424061046868,0.707149417324106,0.499446186721161,1.26106329934873,0.368868683370659,1.05792763872711,1.80136724971096,0.820725629582623,0.506656782295847,0.822853401805201,0.208258648875495,0.553123160377871,0.449979372138529,0.364543356260981,0.365448780167485,0.507064507142504,0.447867437113659,0.523436495359393
0.890739861729277,0.528246970182554,0.670930036503722,0.509075018560231,0.67423788450937,0.674186852599277,0.0712426404672688,0.155432804493325,0.522380124306213,0.596714306960667,0.549073685550498,7.28656769617985,3.2377111211414,5.34143814026976,0.792488188056438,0.00883674649462427,0.423768637678499,1.05044115264222,1.15175998661648,0.593417395485027,1.43620977165648,2.45922817637273,5.87260173667493,5.91639385474121,0.394962238275104,0.30008263523719,0.578450198819766,0.507771786526938,0.480291660873552,0.109905796502488,0.49585078879638,5.77763339229113,5.95359218986015,0.407038724438463,0.547143281367774,0.389483570263249,1.34749623786855,0.561096715272319,0.430351503622071,0.416977325985088,0.0345851115452246,0,0.25188542504015,1.06010040799958,0.0817221760228614,0.0817317608543078,0.510232046277844,0.793505905581603,0.477713100436828,1.57087142211792,1.1591148844976,1.37952896387732,1.19271628851878,0.67735474680113,0.464908352880692,1.22660870919308,0.335589264676991,1.06147375353175,1.81663771592937,0.795013132509838,0.472140072709503,0.797219331649585,0.173681011287312,0.51855431024427,0.415944391547532,0.330449390679843,0.356168191068185,0.474104127467733,0.41446658126955,0.496508253396852
0.898748789482409,0.364974255487602,0.597357462095269,0.337149829581432,0.608521287436264,0.613053243241123,0.306714933443697,0.0981361407289701,0.277904310619892,0.350528790977799,0.303240939855701,7.18387348016929,3.07223330878916,5.25114584987255,0.542584192322912,0.243139968335761,0.672032807499477,0.802480039620663,0.901303854230031,0.341583530412533,1.40162705667791,2.44613164138237,5.7691636865432,5.81260811642911,0.184935147294386,0.432953529121596,0.370093599612591,0.326071833691616,0.276639602698628,0.163001495020825,0.741014594133285,5.67777859437255,5.84978464090255,0.168852986653838,0.787851575865692,0.157905061562858,1.098971523331,0.34990881889035,0.224557746626314,0.240009295118823,0.281326278996274,0.25188542504015,0,0.842835686015541,0.269182377563207,0.288824552575874,0.337294746811899,0.546384124307036,0.284705772349866,1.45017290066705,1.37567620621497,1.14535604169601,0.957139941384968,0.614279046836185,0.279043918374405,1.04187133626084,0.260566410043257,1.2397007849136,2.03922243268454,0.547779770760246,0.283181628329702,0.550178891227601,0.140334490165934,0.332249361761536,0.20874342699069,0.141313981379745,0.503807172374578,0.240734979802983,0.191463280501898,0.489782707423998
0.939793416637712,0.552093013261871,0.645180178169344,0.562084532391291,0.665077545955021,0.676979220618872,1.12813284018847,0.917278736525534,0.579317508064709,0.522225496579599,0.560923598062303,6.47738388849055,2.27347297120606,4.58520680401612,0.425110791969867,1.05286294464004,1.4143883151515,0.643055719011085,0.616608672159461,0.600731807599114,1.11094270862936,2.08005703905865,5.06944840586305,5.1118404891449,0.667877260850035,1.03028921692002,0.481680088536844,0.557728139531041,0.5799018774301,0.950215951164581,1.46182916470441,4.98653457104519,5.14871382480385,0.674642594630138,1.48538579084125,0.685161314393928,0.77508166700566,0.499467416176154,0.630658749934379,0.645152567191887,1.09444440153166,1.06010040799958,0.842835686015541,0,1.03018528546127,1.11996182780491,0.560391095701381,0.625129521220253,0.583012353953955,0.846986714937812,1.91525650066173,1.00043966074427,0.871896360835607,0.671766859566679,0.596976332119275,0.288563872040345,0.763901397348999,1.66525635720583,2.55570247958355,0.623517677925769,0.589235300895175,0.625976614859154,0.887399333512982,0.545475066995942,0.645629832451213,0.730434993381743,1.08176814739869,0.602541949759274,0.653507672548241,0.806773029912158
0.810246552020798,0.486109915479325,0.602226462183395,0.470617845416661,0.60406041628709,0.603216873702075,0.139449765822389,0.173075403671161,0.519026415687638,0.593652220386453,0.54652434931574,7.21432660831837,3.18131615008059,5.2675934596934,0.792840043912597,0.0839101525619399,0.409525108185095,1.07053471569419,1.16683621523444,0.604812292558786,1.35786920389682,2.37855056460805,5.80073366493318,5.84457574256016,0.377548970752977,0.21997338331879,0.551477587540264,0.47278281496051,0.455048140559719,0.106212739284219,0.474821396352468,5.70518917600317,5.8817702574167,0.402858847428823,0.5194084009219,0.382450231467447,1.36640734243448,0.535961476314975,0.408743262760285,0.385497822835593,0.10361110918083,0.0817221760228614,0.269182377563207,1.03018528546127,0,0.1604245875265,0.472067954988699,0.815086827697508,0.448347836036209,1.5054421615566,1.11186263423454,1.4132795119114,1.22532336382724,0.606671772946078,0.433545211318351,1.18106464420057,0.281414316940776,0.997599939283131,1.77351686185266,0.81644355434777,0.441530612203147,0.818903218257776,0.151781365231313,0.484778680679324,0.395855347832512,0.311739480810889,0.279308941368062,0.463824558334369,0.40149218210967,0.42035666243099
0.970663389673795,0.59845056319465,0.751811787589486,0.577417516430111,0.755440099963237,0.755536920619117,0.0365886262015485,0.202993955082024,0.566438777422492,0.63934849904355,0.592017045243738,7.36789787014343,3.31264924208592,5.4230497048531,0.830062319518886,0.0838296820281946,0.42228359160034,1.06763465835918,1.17341551928748,0.623472570870448,1.51751483023065,2.53890638200166,5.95386029762131,5.99764082871731,0.452097897509953,0.372023036037952,0.639061987723917,0.574133188059598,0.540979639167894,0.178414288617375,0.498890513848909,5.85901428523245,6.03483972488875,0.454325540375512,0.55575328747293,0.439426776458172,1.36455015917718,0.620672296783726,0.489510984899878,0.482480522025293,0.0582337498251857,0.0817317608543078,0.288824552575874,1.11996182780491,0.1604245875265,0,0.57839827708055,0.81112359547576,0.541045786725802,1.65034724816776,1.18270989862551,1.38079147681788,1.1959740590752,0.758652101596041,0.529631532070719,1.29630873392956,0.412962930179962,1.10541256386663,1.83369562017214,0.812768639967958,0.536310581405692,0.814695958146357,0.242833897733848,0.58408166425248,0.474392238238213,0.390198653113381,0.422371008073209,0.524458963830423,0.468071760271788,0.578167868331574
0.671568337054701,0.0321195213153882,0.318134904756183,0.00237922894283148,0.336280658593759,0.345292369164052,0.580638726047419,0.383531080490214,0.224803974271783,0.261774965452009,0.240342414528843,6.84830897161103,2.74082129545944,4.9184857072445,0.427380957695613,0.503839858927495,0.855501754340605,0.769740172570135,0.832901896432935,0.350676823845432,1.10954357532499,2.15741980406805,5.43371065131453,5.47709264261386,0.157849623006243,0.484116667192225,0.10793175844183,0.0213037103315378,0.0854547184928261,0.401483622281748,0.906055975410843,5.34295201584942,5.51425902160621,0.210728332341392,0.93404508802922,0.202417144685211,1.03921557831306,0.106542766399217,0.122133794444696,0.0987289261827572,0.544805012255902,0.510232046277844,0.337294746811899,0.560391095701381,0.472067954988699,0.57839827708055,0,0.558109836539351,0.0629836608692636,1.11446293084929,1.42350371531474,1.16201940862589,0.980166867022363,0.344045979639252,0.0602424376483483,0.7179767264563,0.205344685658592,1.21800614488611,2.08359405186995,0.558333812618101,0.0592342798048269,0.561754670069143,0.336881673647921,0.0314597159956203,0.135959772360142,0.198370768388543,0.544147865887194,0.172961096879818,0.167579979202235,0.332114550610211
1.22199408139621,0.583577473299251,0.861653029561212,0.560295487896517,0.882108912301727,0.892628439794192,0.83750343470122,0.644184198910951,0.346545703094863,0.296334894867309,0.323801783868045,7.09901556224111,2.87176841361581,5.21033406411316,0.209127262299976,0.784670947548612,1.216888380475,0.257012373974508,0.363888842539424,0.223636516893477,1.59357040369376,2.62345242261193,5.69270249228863,5.73495973837912,0.496247859760807,0.948448147545831,0.466389834105215,0.537437044865086,0.486815269812678,0.708928472095645,1.28705941259943,5.61059042619836,5.77177934820724,0.439238313290079,1.33420965264273,0.462805015929277,0.554166926762323,0.457615360239732,0.492671091079049,0.547258168721598,0.819177024591358,0.793505905581603,0.546384124307036,0.625129521220253,0.815086827697508,0.81112359547576,0.558109836539351,0,0.511502991621264,1.44756336751198,1.90951881253736,0.61558604136714,0.428709655376107,0.890314607270039,0.527684842517469,0.908907127951725,0.686561741015377,1.74322600594558,2.57479755141802,0.00209857100783442,0.520754656103152,0.00391305886701304,0.673513501428878,0.526954674809587,0.494126505218582,0.545515208692744,1.01912117873806,0.412761867359431,0.465320223675396,0.882557282417763
0.728154279393452,0.095095701896156,0.378454460413579,0.0640852867407552,0.395910867431081,0.404436007676316,0.546653384541061,0.341168610628199,0.169606987777968,0.217358487607975,0.188658109791681,6.90567996873339,2.78819233565808,4.97749600274762,0.398923912624891,0.470690927717409,0.843893592943144,0.733415782151329,0.803491349204517,0.297290131568554,1.1724000818743,2.22032161179874,5.49120621116649,5.53453982589541,0.100522927279172,0.48914671025924,0.103455762955446,0.0448979796641958,0.0253016064506972,0.367833990252473,0.898631317264577,5.40087466009367,5.57169726801783,0.148254710885803,0.930576313615807,0.141495065308714,1.01007768318724,0.0900921732378656,0.0619696276688962,0.0631837703051588,0.512189732506321,0.477713100436828,0.284705772349866,0.583012353953955,0.448347836036209,0.541045786725802,0.0629836608692636,0.511502991621264,0,1.17228286351619,1.44157653546116,1.12132917550892,0.937415879521375,0.403501180468352,0.0183221800293395,0.760056133801532,0.205008466554233,1.24707729249984,2.10418637805141,0.511892072278578,0.00975433249428135,0.515249085778742,0.304510554160208,0.047905414323157,0.0771408807687271,0.152040011218129,0.553416642477845,0.112264877253619,0.10578567917768,0.371345824045394
0.867229499839792,1.08556175812955,0.904478031603949,1.1143559615459,0.9051280873262,0.907911356483907,1.64043695473556,1.48034736146835,1.27411284700282,1.25121644401578,1.26967479363965,5.7338836059196,1.71036277180209,3.80648397530682,1.23853711252543,1.56721696760295,1.76297786310772,1.48976948736991,1.45443150113836,1.35369218567582,0.530461575510807,1.26504995307163,4.31925637799331,4.36264955977279,1.27182784192101,1.37764264209018,1.11435072618742,1.12818058682051,1.18697283017018,1.47616772578224,1.77450907816078,4.22860823894235,4.39981833654426,1.31659198145604,1.76607013960686,1.31327660811033,1.58654200086949,1.1349934184778,1.23422840600564,1.21026051989266,1.60260523263169,1.57087142211792,1.45017290066705,0.846986714937812,1.5054421615566,1.65034724816776,1.11446293084929,1.44756336751198,1.17228286351619,0,1.92803449415668,1.83190244006281,1.71621222825793,0.90376003641602,1.17426958749013,0.563247463715878,1.23853175938764,1.61425515491511,2.4494628522726,1.4462728761789,1.17163956921107,1.44919598785012,1.41529666222157,1.12468482586469,1.24910180020064,1.30910057832095,1.38780948900497,1.25784333149887,1.27695645132492,1.10341815840831
1.08493075257306,1.41443846753564,1.27395480730145,1.42116940497118,1.25560199937808,1.24432807839136,1.14679157270953,1.28366127391903,1.57764878989828,1.64586456440543,1.60440011025171,7.1499915328443,3.5879911772097,5.19987789008084,1.83928651989108,1.16708906386265,0.780061566247389,2.15734860719147,2.23996578259452,1.6883178579229,1.48287885800695,2.16041844365241,5.77799094431696,5.82215589038867,1.42189664992191,0.962672791236062,1.53093910825234,1.4377963892801,1.46107855087778,1.21525301790802,0.701848377962547,5.6682141246881,5.85831698825803,1.47232325702503,0.638089365158691,1.44890240214747,2.44559104152336,1.52572083824075,1.43582491220085,1.38770006056169,1.14624932254871,1.1591148844976,1.37567620621497,1.91525650066173,1.11186263423454,1.18270989862551,1.42350371531474,1.90951881253736,1.44157653546116,1.92803449415668,0,2.51936926772526,2.33087846637899,1.24980097882087,1.42325660216865,1.92138077528422,1.23972080988262,0.319094579031978,0.665348398158493,1.91060515177741,1.43194069331237,1.91342364761519,1.23965767182138,1.45167414564509,1.42976877954837,1.36626896469322,0.893302591774547,1.51202121350973,1.4523318389953,1.1144385834967
1.80389573550343,1.18413375749234,1.44555979249606,1.16431985959837,1.46706050908402,1.47848290776864,1.4119402465131,1.24020639908412,0.96081002935453,0.903972144764723,0.93679591116261,7.23710779674257,2.95895543436337,5.41901089300535,0.746334886320522,1.37087159994429,1.80061454273112,0.398532563315923,0.384710387698523,0.839198232262749,2.09839734212928,3.07981386367525,5.85645099466275,5.89684904310629,1.11183024043497,1.56156642503845,1.06140498983328,1.14232772046496,1.09739402552064,1.30771363214396,1.87474861479695,5.78551374254702,5.93279197431015,1.05417111683684,1.92660862308874,1.07771851099904,0.265096520909435,1.05691054364663,1.10726401756666,1.16126508102742,1.40047619352266,1.37952896387732,1.14535604169601,1.00043966074427,1.4132795119114,1.38079147681788,1.16201940862589,0.61558604136714,1.12132917550892,1.83190244006281,2.51936926772526,0,0.188500985666124,1.47535721803994,1.13832898978776,1.2703942088316,1.3020664171296,2.35880668589909,3.18388967448312,0.614796371520337,1.13086250227628,0.611689413655761,1.2797696415582,1.13056259754824,1.10932515913218,1.1601989988358,1.63261075769434,1.02742243799725,1.08089916164784,1.49218405033005
1.63045758061621,1.00337398360405,1.27058445553832,0.982436526334549,1.29183947065892,1.30302279498659,1.22658068723571,1.05227302571782,0.774898618215797,0.72025283242916,0.751432693129773,7.21226651670684,2.94019751395403,5.36974578118706,0.573021181448345,1.18402566685896,1.61463308397353,0.235181230701769,0.268803112266947,0.652032237951484,1.94932915787187,2.94860063191493,5.82183166091269,5.86286702133776,0.924744790158021,1.37323258217948,0.881751705323299,0.960118398806955,0.91316985780457,1.11963768228192,1.68830068722985,5.74731761697904,5.89913523160536,0.866398412027615,1.73959126116588,0.889926105221082,0.269122105944199,0.876082047740713,0.921223839155443,0.975588150192457,1.21424061046868,1.19271628851878,0.957139941384968,0.871896360835607,1.22532336382724,1.1959740590752,0.980166867022363,0.428709655376107,0.937415879521375,1.71621222825793,2.33087846637899,0.188500985666124,0,1.30013367452276,0.95413222379895,1.15312027166841,1.11518352164907,2.17145017894476,2.99543750054722,0.428015890036599,0.946858747587647,0.424834962866739,1.09129974646726,0.948725177571866,0.922833316778552,0.972285522180192,1.44431655586937,0.84131673425086,0.893843734632367,1.30871487772523
0.331708233264761,0.3139333183224,0.0300741642444364,0.342294008167823,0.00829827272518055,0.00558292352803205,0.744580039460163,0.613630973195602,0.568562801843629,0.597570171300794,0.582495179944439,6.60924657926083,2.59915401070169,4.66520450503468,0.729026188281115,0.674824280307909,0.874745920133131,1.07715650461676,1.12037918930508,0.692910780506162,0.787385482588593,1.83310930619446,5.19524734559165,5.23903914809068,0.475738092867049,0.478312203585945,0.424043573176656,0.365260297696934,0.428041986112263,0.593338803483462,0.898271110883321,5.10037366681167,5.27623746799537,0.54028842931507,0.902458978984156,0.525281443206149,1.3213130078174,0.434230328951079,0.451377641993168,0.403207935509289,0.707149417324106,0.67735474680113,0.614279046836185,0.671766859566679,0.606671772946078,0.758652101596041,0.344045979639252,0.890314607270039,0.403501180468352,0.90376003641602,1.24980097882087,1.47535721803994,1.30013367452276,0,0.393358239592032,0.686513978414582,0.362763342067583,0.993490469526366,1.88428898327805,0.890270430879302,0.396724706325528,0.893748783963997,0.539089585898387,0.372379176485914,0.460531475682701,0.481726767485996,0.499319872342029,0.515732456920415,0.496533956113188,0.201730505582447
0.716045310619395,0.0912809083099315,0.368999844815971,0.0606892372415753,0.385903764041292,0.394082676984937,0.534299183326749,0.331117480182505,0.184118769013104,0.234417693377023,0.204261964981809,6.90803556872042,2.795650382891,4.97860716873507,0.417152303331135,0.458040234022128,0.827394224575429,0.751020977491455,0.821597151043454,0.311950406676536,1.16610558038386,2.21416529788514,5.49347089127618,5.53683862797073,0.0976844278395314,0.471043656859495,0.119623297295556,0.0470477915377504,0.0409625094329328,0.355162584938372,0.881640553889481,5.4028322206302,5.57400244385681,0.151972166137622,0.913188792655512,0.142459929439652,1.02817669581031,0.107430364774312,0.0623098660153741,0.0481847283305088,0.499446186721161,0.464908352880692,0.279043918374405,0.596976332119275,0.433545211318351,0.529631532070719,0.0602424376483483,0.527684842517469,0.0183221800293395,1.17426958749013,1.42325660216865,1.13832898978776,0.95413222379895,0.393358239592032,0,0.769196049833117,0.186904174010153,1.22914776280397,2.08588786913969,0.52810787683509,0.00886710691274582,0.531449049932923,0.291364187824452,0.054772291336852,0.0757488265157711,0.142832658230078,0.535174590341211,0.123991118502615,0.108267438284044,0.354891342213855
0.865816363814575,0.698402843912653,0.668336032698314,0.718920665290607,0.682480865625199,0.692086760330578,1.29749477607764,1.1002401560177,0.8072987316617,0.764235586752864,0.794771291067908,6.20474397469737,2.03280782247459,4.30417915881057,0.70382555041756,1.22057668839884,1.52885496418647,0.928111264071331,0.891361154615443,0.856166195462514,0.893876085652738,1.81320599862102,4.79447213418053,4.83710875002299,0.857459477521717,1.12887714166371,0.672754283783645,0.723333438526741,0.765479389319668,1.11885912471823,1.56417155838995,4.70987070268872,4.87407166860438,0.882159613417255,1.57646735264158,0.886815447800157,1.03006857487751,0.693459558554885,0.817876706047627,0.815010352465096,1.26106329934873,1.22660870919308,1.04187133626084,0.288563872040345,1.18106464420057,1.29630873392956,0.7179767264563,0.908907127951725,0.760056133801532,0.563247463715878,1.92138077528422,1.2703942088316,1.15312027166841,0.686513978414582,0.769196049833117,0,0.900262581524596,1.64232393636601,2.53217843802875,0.907392256412678,0.76337178815411,0.91001415618131,1.05416708311354,0.714428424043451,0.833707055238195,0.91180695905437,1.16648334791635,0.812829881481287,0.851411764588973,0.8677311027249
0.638335152309193,0.212000805860428,0.350074480138678,0.20341863866704,0.357956185438995,0.360780608057266,0.406547969483045,0.250977912799386,0.342632628962718,0.407303379682719,0.368192710580556,6.96305379979498,2.90258495863814,5.02270522697878,0.599675826831625,0.331035486572858,0.650677686975196,0.923607399093478,1.00102601733055,0.463184385598183,1.14699742399733,2.18865109310246,5.54849778558432,5.59216723205392,0.190577673273063,0.284141905605252,0.303449623007358,0.21262422572666,0.222359896748949,0.237677409015692,0.70071741526829,5.4549181786727,5.62936617952211,0.252599140081038,0.729357598314375,0.229876509826714,1.20718320643838,0.293678557819682,0.197284150457223,0.148047799481704,0.368868683370659,0.335589264676991,0.260566410043257,0.763901397348999,0.281414316940776,0.412962930179962,0.205344685658592,0.686561741015377,0.205008466554233,1.23853175938764,1.23972080988262,1.3020664171296,1.11518352164907,0.362763342067583,0.186904174010153,0.900262581524596,0,1.05707862421991,1.90359367200603,0.687313629173788,0.195768274885191,0.690449660242913,0.178446490531338,0.226340657543847,0.193264445438482,0.154005611783533,0.348905952582582,0.275913445254786,0.221404330573233,0.231407550728292
0.786932509827294,1.20339887338103,1.02034536576198,1.21562698278305,1.00022014780702,0.988287543104201,1.06895815458399,1.15803181493209,1.39946841625472,1.46134690550432,1.42453795520902,6.87393387656869,3.2689030125144,4.91888375205287,1.64441123078954,1.06811416860218,0.767950900009392,1.97907051990241,2.04994450719903,1.51960908096746,1.16379005826041,1.87990496134167,5.49264833830353,5.53689368001722,1.2470125107621,0.807062911266455,1.32555786473123,1.23498320693463,1.26926845107427,1.09071245575737,0.701290176000753,5.38445809499814,5.57329140134814,1.30527613945151,0.639036234359477,1.28180130757194,2.25649804959404,1.32396520124477,1.25330753053522,1.20066528286067,1.05792763872711,1.06147375353175,1.2397007849136,1.66525635720583,0.997599939283131,1.10541256386663,1.21800614488611,1.74322600594558,1.24707729249984,1.61425515491511,0.319094579031978,2.35880668589909,2.17145017894476,0.993490469526366,1.22914776280397,1.64232393636601,1.05707862421991,0,0.89243393921219,1.74402917047,1.23732892189221,1.74712444992433,1.09937946847725,1.24827733090986,1.25024776302521,1.19986790617896,0.73595232378993,1.33270156561022,1.27795229623987,0.890529967919439
1.66988648145945,2.07291781210822,1.91054116847863,2.0812399531777,1.89081462863754,1.87900867705561,1.79859071840661,1.94608324527851,2.24259077967019,2.31033507812674,2.26924635611702,7.24375870636781,4.01798456577979,5.33288620371532,2.50263799199396,1.82485865563623,1.41776506840807,2.82261906092866,2.90443205977982,2.35366542156135,1.94929086677718,2.364686362293,5.92330489353866,5.96667258193585,2.08688278885277,1.62790500896589,2.19139540746415,2.09861496027367,2.12421142724804,1.87789678558408,1.3390899152865,5.80771998649825,6.00143155905299,2.13765371247034,1.27903832865692,2.11422487413767,3.11028862056465,2.18705168334362,2.1001748116317,2.051382985743,1.80136724971096,1.81663771592937,2.03922243268454,2.55570247958355,1.77351686185266,1.83369562017214,2.08359405186995,2.57479755141802,2.10418637805141,2.4494628522726,0.665348398158493,3.18388967448312,2.99543750054722,1.88428898327805,2.08588786913969,2.53217843802875,1.90359367200603,0.89243393921219,0,2.5758916073782,2.09450303207785,2.57870122074442,1.90414953847341,2.11239363015001,2.09440687405064,2.03157085383621,1.55830359956001,2.17679827067184,2.1173838432654,1.76681993995033
1.22195805373436,0.583729514209924,0.8615870495282,0.560522959795447,0.882061823133982,0.89259625488482,0.839107512523929,0.645600820600883,0.347127989917827,0.2965628911631,0.324288962300226,7.09727279159291,2.86986216319995,5.20871748439632,0.207890856864122,0.786177860103714,1.21836790440422,0.255469856796617,0.362110348212813,0.224470859555708,1.59290679689422,2.6225989896871,5.69099420833658,5.73324820634489,0.497034368739019,0.94945987198469,0.466380653778691,0.537680787412763,0.48722744370837,0.710292588256548,1.28849528820174,5.60890453509506,5.77006652819949,0.440171501148849,1.33559212843164,0.463737921411252,0.552615653689763,0.45769350468491,0.493299865577212,0.547848035378228,0.820725629582623,0.795013132509838,0.547779770760246,0.623517677925769,0.81644355434777,0.812768639967958,0.558333812618101,0.00209857100783442,0.511892072278578,1.4462728761789,1.91060515177741,0.614796371520337,0.428015890036599,0.890270430879302,0.52810787683509,0.907392256412678,0.687313629173788,1.74402917047,2.5758916073782,0,0.521156014812323,0.00348571411420762,0.674748550384028,0.527162056231267,0.49481895114157,0.546461803775085,1.02011350673298,0.413388682339683,0.466102790144052,0.882989748106696
0.720523445972064,0.0910384712341104,0.371990167562377,0.0600188828803198,0.389195254864104,0.39756356243458,0.541358168335985,0.337199146790006,0.178147648287328,0.226892817092365,0.197658628095213,6.90526554113522,2.79057659010932,4.97641483163367,0.408656525905506,0.465210463931658,0.835952183678885,0.74310868154192,0.813244523067922,0.305929119634851,1.16750716381174,2.21551184763158,5.49074091845789,5.53409290049561,0.100262253240912,0.479906687688941,0.111087806261211,0.0434738597515231,0.0340368452058031,0.362328146349786,0.890334320076396,5.40024483571717,5.57125382418198,0.15156278526711,0.921975360686414,0.143364994205315,1.01983114290745,0.0986238481831896,0.063131120880643,0.0560327994144431,0.506656782295847,0.472140072709503,0.283181628329702,0.589235300895175,0.441530612203147,0.536310581405692,0.0592342798048269,0.520754656103152,0.00975433249428135,1.17163956921107,1.43194069331237,1.13086250227628,0.946858747587647,0.396724706325528,0.00886710691274582,0.76337178815411,0.195768274885191,1.23732892189221,2.09450303207785,0.521156014812323,0,0.52450741737789,0.298705675767832,0.0492779390508425,0.0775204882416737,0.148436592502071,0.544003802151066,0.119483682254916,0.108347673399711,0.361963395169078
1.22543557139892,0.587171348726915,0.865067557310626,0.563942698045101,0.885540484426428,0.89607326056987,0.841123210186771,0.647965437904404,0.350381243650796,0.299981702684693,0.32759690207623,7.09945380418895,2.87158537018212,5.21116081577907,0.210886522417963,0.788384662373432,1.2206236237968,0.253339749890464,0.360526068300882,0.227539001899483,1.59629599591721,2.62589293200413,5.69325308198922,5.73549997598126,0.500142840526973,0.952360144574164,0.469854491566339,0.541095135969987,0.490573713607247,0.712741031152444,1.29082672104915,5.61121121058987,5.77231546487813,0.443150591315997,1.33801100898656,0.466717290380852,0.550498737430913,0.461152424250242,0.496523846991983,0.551097087622175,0.822853401805201,0.797219331649585,0.550178891227601,0.625976614859154,0.818903218257776,0.814695958146357,0.561754670069143,0.00391305886701304,0.515249085778742,1.44919598785012,1.91342364761519,0.611689413655761,0.424834962866739,0.893748783963997,0.531449049932923,0.91001415618131,0.690449660242913,1.74712444992433,2.57870122074442,0.00348571411420762,0.52450741737789,0,0.677383321261414,0.530588060388393,0.497999109616851,0.549427964152803,1.02303391387956,0.416613776420374,0.469214397767617,0.886326745104026
0.794036471329113,0.355892457587632,0.527782659059999,0.335781091192619,0.534691465848783,0.536774234637594,0.243770708591672,0.0791416607882637,0.367575477024653,0.442117571055895,0.395139525364899,7.14141612942368,3.07026423481726,5.20110674211661,0.641568340592189,0.167054952044416,0.560797027452751,0.926785997943525,1.01994809073752,0.458111270585675,1.31862383290345,2.35577329661949,5.72683418618661,5.77049397642883,0.22683710053597,0.292652521452536,0.406110651506551,0.334100367946957,0.308305464475289,0.0646927779068284,0.624390593723455,5.63333145045456,5.80769251567067,0.251640269019494,0.6662139322924,0.23085046674449,1.22126668524021,0.389379455967082,0.259811842418797,0.24335705632039,0.208258648875495,0.173681011287312,0.140334490165934,0.887399333512982,0.151781365231313,0.242833897733848,0.336881673647921,0.673513501428878,0.304510554160208,1.41529666222157,1.23965767182138,1.2797696415582,1.09129974646726,0.539089585898387,0.291364187824452,1.05416708311354,0.178446490531338,1.09937946847725,1.90414953847341,0.674748550384028,0.298705675767832,0.677383321261414,0,0.344883645555823,0.246185020756843,0.161069676001723,0.363472804102332,0.312093375474321,0.249921481267534,0.383793009585372
0.701102664986812,0.0584634817988424,0.345857697404219,0.0337576954289467,0.364505783464686,0.37382899464291,0.588247714407201,0.385886057167791,0.196268012491105,0.230643278144537,0.210551850368176,6.85794347838721,2.74130046088529,4.93015274753865,0.396603046465818,0.511810451757995,0.873975166827401,0.738407491684974,0.802208728693655,0.321017176886178,1.13235909751646,2.17983466460785,5.44349294582729,5.48681848583919,0.148409207264801,0.508169433692567,0.0793696610168459,0.0140040714306965,0.064006261393909,0.408986887946092,0.926202429276988,5.35324103966058,5.52397438161813,0.193874536689808,0.955669558719069,0.188684936846745,1.00859973695724,0.0757242655044679,0.109783255997386,0.101712666392714,0.553123160377871,0.51855431024427,0.332249361761536,0.545475066995942,0.484778680679324,0.58408166425248,0.0314597159956203,0.526954674809587,0.047905414323157,1.12468482586469,1.45167414564509,1.13056259754824,0.948725177571866,0.372379176485914,0.054772291336852,0.714428424043451,0.226340657543847,1.24827733090986,2.11239363015001,0.527162056231267,0.0492779390508425,0.530588060388393,0.344883645555823,0,0.125042164538094,0.197498790697949,0.569589111012139,0.148441146992904,0.15255759775886,0.363308303533253
0.776915868286735,0.166933567161813,0.437681083274243,0.136437695903642,0.453401979773148,0.46079270051267,0.48289896626194,0.272084334509004,0.149386660132186,0.216223163792664,0.175237937287898,6.98264827145935,2.86350152795077,5.05393262365527,0.413186681699216,0.408403887028234,0.800180182058293,0.730606871936101,0.810209706149653,0.271496661448473,1.23868956135255,2.28675095669721,5.56814603845343,5.6114899773333,0.0238103734886203,0.468537346798476,0.165050090016037,0.120934246031036,0.0682874174142259,0.306570335082271,0.85910248583447,5.47771003912021,5.64864936009127,0.0797629869870251,0.895226630092604,0.0671378207962675,1.01588585513108,0.146295379708148,0.0158367139679515,0.0594096751272634,0.449979372138529,0.415944391547532,0.20874342699069,0.645629832451213,0.395855347832512,0.474392238238213,0.135959772360142,0.494126505218582,0.0771408807687271,1.24910180020064,1.42976877954837,1.10932515913218,0.922833316778552,0.460531475682701,0.0757488265157711,0.833707055238195,0.193264445438482,1.25024776302521,2.09440687405064,0.49481895114157,0.0775204882416737,0.497999109616851,0.246185020756843,0.125042164538094,0,0.0855534840527589,0.53666944569023,0.0827459371546563,0.036205690432158,0.397457158375827
0.781110526513134,0.224681912767069,0.462729737305659,0.197994857855474,0.475458495286155,0.481003791679749,0.397741380283399,0.189206364081691,0.215035544622721,0.287910965406234,0.242615313160823,7.042678137307,2.93831339098414,5.10986376134686,0.4876571784016,0.322955808459618,0.718306400610451,0.791096453578119,0.876985037341014,0.322597754959403,1.26825832039579,2.31478304127211,5.62795605045629,5.67141017898048,0.0658324964893194,0.40375330632576,0.248975474992218,0.189442513951975,0.150801506564006,0.221017285372105,0.779024820831099,5.53650066413827,5.70858819589447,0.106341329898442,0.817234696121223,0.0827983549834058,1.08118482466183,0.230991203230616,0.0999371134877536,0.0998323351395311,0.364543356260981,0.330449390679843,0.141313981379745,0.730434993381743,0.311739480810889,0.390198653113381,0.198370768388543,0.545515208692744,0.152040011218129,1.30910057832095,1.36626896469322,1.1601989988358,0.972285522180192,0.481726767485996,0.142832658230078,0.91180695905437,0.154005611783533,1.19986790617896,2.03157085383621,0.546461803775085,0.148436592502071,0.549427964152803,0.161069676001723,0.197498790697949,0.0855534840527589,0,0.473982298051657,0.154125610438827,0.0911714636282545,0.38183199694683
0.595544988678726,0.541326449327128,0.509034583489678,0.54193373319737,0.500601296473432,0.494242391616237,0.390443975853238,0.424967392724619,0.684347396600728,0.752875343042295,0.711109217261333,7.03840659183019,3.0931228646182,5.08411000632641,0.947905465798012,0.360515124084091,0.376562000149095,1.26452149572707,1.3468434442559,0.796566964546469,1.15607713124092,2.14615042410676,5.62832638279853,5.672404717955,0.528603085305931,0.0714110114875493,0.648588265988426,0.555588545778614,0.57126569731987,0.359514487262915,0.399885868532942,5.52955984696493,5.70953542915404,0.580300293676745,0.410196424117017,0.556775655671741,1.55232202719893,0.640722511393581,0.543164397784603,0.496703753085666,0.365448780167485,0.356168191068185,0.503807172374578,1.08176814739869,0.279308941368062,0.422371008073209,0.544147865887194,1.01912117873806,0.553416642477845,1.38780948900497,0.893302591774547,1.63261075769434,1.44431655586937,0.499319872342029,0.535174590341211,1.16648334791635,0.348905952582582,0.73595232378993,1.55830359956001,1.02011350673298,0.544003802151066,1.02303391387956,0.363472804102332,0.569589111012139,0.53666944569023,0.473982298051657,0,0.618770687972506,0.559080492842187,0.301336560547918
0.839950868311915,0.20459286190249,0.490505445131415,0.174469115403882,0.508118882583924,0.516692242856172,0.537417570202804,0.322275486641177,0.0667668964328718,0.134956216966489,0.0925380400413881,6.98718407191117,2.84563555918593,5.06429600606575,0.333987352644295,0.466013725352697,0.871858871192068,0.647860971930117,0.728118190620019,0.191726487001063,1.28079497322144,2.32820485712594,5.57328003229571,5.61646385884504,0.0912206393043115,0.550184896983773,0.144601916022905,0.152371030859929,0.0877877621227237,0.367543133694541,0.933101259494022,5.48423605887902,5.65358888244409,0.0721018783033695,0.971264656237977,0.0850908829312056,0.933569829225607,0.123577993056859,0.0799116185588903,0.134761903772352,0.507064507142504,0.474104127467733,0.240734979802983,0.602541949759274,0.463824558334369,0.524458963830423,0.172961096879818,0.412761867359431,0.112264877253619,1.25784333149887,1.51202121350973,1.02742243799725,0.84131673425086,0.515732456920415,0.123991118502615,0.812829881481287,0.275913445254786,1.33270156561022,2.17679827067184,0.413388682339683,0.119483682254916,0.416613776420374,0.312093375474321,0.148441146992904,0.0827459371546563,0.154125610438827,0.618770687972506,0,0.0629544713043501,0.473231330295196
0.8130654233679,0.199260392480504,0.47349254219197,0.168322383051165,0.489368975309549,0.49683742334254,0.479235097793931,0.265110352440347,0.125597585227517,0.197193146712373,0.15283435187984,7.0097967257743,2.88302403244099,5.08265614719679,0.396700677224614,0.406550245914922,0.809099415284685,0.705757163027316,0.788640948087497,0.241813047372137,1.27362209117478,2.32170547463529,5.5954317397171,5.63873082002986,0.030944978193087,0.489850954032323,0.178861868007912,0.150665944596689,0.0901899121872663,0.306750623389425,0.870161139282707,5.50539001125114,5.6758813645673,0.0440584989567537,0.908350936772585,0.0365150287024487,0.993582748328632,0.15850722099982,0.046170865592683,0.0954005164000645,0.447867437113659,0.41446658126955,0.191463280501898,0.653507672548241,0.40149218210967,0.468071760271788,0.167579979202235,0.465320223675396,0.10578567917768,1.27695645132492,1.4523318389953,1.08089916164784,0.893843734632367,0.496533956113188,0.108267438284044,0.851411764588973,0.221404330573233,1.27795229623987,2.1173838432654,0.466102790144052,0.108347673399711,0.469214397767617,0.249921481267534,0.15255759775886,0.036205690432158,0.0911714636282545,0.559080492842187,0.0629544713043501,0,0.431737016060292
0.410899230786732,0.314350837490883,0.208389967124812,0.329757315571266,0.201879374083193,0.197071664221876,0.559799532269114,0.462713139574681,0.537477898706109,0.588489665501713,0.558911488499249,6.79545682900297,2.80087581161064,4.84759674159052,0.759103999986203,0.495333364420075,0.674460239695506,1.1015860902049,1.16423747802693,0.6647478570112,0.941044702032039,1.97295370059762,5.38231073441105,5.42620356553595,0.403345655511802,0.276597626543359,0.437883916195734,0.350853779630492,0.395805385416015,0.427372987692846,0.701216656992559,5.28619720709823,5.4633915205081,0.470101175705936,0.709566199973116,0.449394251917615,1.37024980704124,0.438610858512062,0.39495508938107,0.339488646581536,0.523436495359393,0.496508253396852,0.489782707423998,0.806773029912158,0.42035666243099,0.578167868331574,0.332114550610211,0.882557282417763,0.371345824045394,1.10341815840831,1.1144385834967,1.49218405033005,1.30871487772523,0.201730505582447,0.354891342213855,0.8677311027249,0.231407550728292,0.890529967919439,1.76681993995033,0.882989748106696,0.361963395169078,0.886326745104026,0.383793009585372,0.363308303533253,0.397457158375827,0.38183199694683,0.301336560547918,0.473231330295196,0.431737016060292,0
