"","Y","jj","J_1","J_2"
"1",19,1,1,3
"2",17,1,1,5
"3",59,1,1,8
"4",7,1,1,11
"5",72,1,1,32
"6",91,1,1,42
"7",5,1,1,54
"8",40,1,1,55
"9",48,1,1,56
"10",44,1,1,59
"11",15,1,1,62
"12",14,1,1,66
"13",19,1,1,71
"14",6,1,1,83
"15",1,1,2,5
"16",12,1,17,27
"17",9,1,22,47
"18",7,1,22,52
"19",5,1,49,42
"20",9,1,50,42
"21",1,2,1,8
"22",3,2,1,71
"23",1,2,2,42
"24",1,2,4,79
"25",2,3,34,3
"26",1,3,47,24
"27",54,3,52,8
"28",2,3,53,69
"29",3,3,60,21
"30",1,3,66,31
"31",5,4,1,5
"32",9,4,1,8
"33",5,4,1,51
"34",7,4,1,81
"35",2,4,17,27
"36",4,4,53,81
"37",8,4,64,81
"38",1,5,29,47
"39",1,6,4,2
"40",4,6,4,20
"41",13,6,4,31
"42",6,6,4,42
"43",1,6,4,45
"44",1,6,4,47
"45",2,6,4,83
"46",1,6,6,35
"47",2,6,6,47
"48",2,6,6,74
"49",10,6,8,11
"50",37,6,8,15
"51",3,6,8,17
"52",82,6,8,20
"53",14,6,8,30
"54",2,6,8,52
"55",69,6,8,56
"56",3,6,8,67
"57",9,6,8,72
"58",2,6,28,69
"59",6,6,34,3
"60",30,6,39,46
"61",2,6,39,47
"62",3,6,51,15
"63",80,6,52,8
"64",1,6,56,66
"65",2,6,57,66
"66",6,7,61,80
"67",3,7,65,76
"68",1,8,65,76
"69",1,9,2,42
"70",2,9,2,49
"71",3,9,2,76
"72",7,9,8,17
"73",7,9,8,52
"74",2,9,15,10
"75",6,9,15,24
"76",2,9,29,47
"77",7,9,42,73
"78",2,9,45,3
"79",24,9,45,47
"80",2,9,59,42
"81",2,9,69,79
"82",1,10,60,21
"83",9,11,57,66
"84",2,11,66,31
"85",1,12,4,42
"86",1,13,47,24
"87",3,13,52,8
"88",5,14,30,42
"89",1,14,58,71
"90",2,14,62,10
"91",2,15,1,42
"92",1,15,1,71
"93",1,15,2,23
"94",2,15,2,42
"95",4,15,2,49
"96",1,15,59,42
"97",23,16,1,8
"98",7,16,1,32
"99",1,16,1,56
"100",9,16,60,21
"101",2,16,63,10
"102",68,16,64,31
"103",1,16,64,81
"104",2,16,65,76
"105",114,16,66,31
"106",1,17,2,49
"107",1,17,2,50
"108",1,17,4,31
"109",1,17,4,45
"110",3,17,4,47
"111",2,17,8,11
"112",64,17,8,47
"113",1,17,9,28
"114",1,17,11,11
"115",2,17,15,10
"116",2,17,15,24
"117",1,17,15,56
"118",1,17,43,18
"119",1,17,43,42
"120",1,17,47,24
"121",2,17,51,15
"122",3,17,57,66
"123",7,17,60,21
"124",1,18,3,48
"125",18,18,7,16
"126",11,18,20,8
"127",2,18,20,36
"128",1,18,20,56
"129",14,18,20,79
"130",2,18,20,80
"131",2,18,22,47
"132",17,18,23,80
"133",3,18,29,47
"134",8,18,30,42
"135",6,18,31,3
"136",2,18,32,18
"137",1,18,36,2
"138",2,18,36,24
"139",13,18,36,30
"140",2,18,36,47
"141",3,18,39,35
"142",3,18,43,42
"143",3,18,46,42
"144",4,18,47,24
"145",22,18,52,8
"146",35,18,61,80
"147",12,18,63,10
"148",4,20,30,42
"149",13,20,32,18
"150",1,20,43,42
"151",2,21,52,8
"152",6,19,34,3
"153",13,19,46,42
"154",1,19,49,42
"155",6,19,59,42
"156",7,22,1,42
"157",1,22,4,2
"158",3,22,4,31
"159",1,22,4,42
"160",7,22,4,79
"161",1,22,34,3
"162",1,23,1,5
"163",6,23,1,8
"164",5,23,1,11
"165",1,23,1,41
"166",1,23,1,42
"167",9,23,1,43
"168",22,23,1,55
"169",23,23,1,56
"170",3,23,1,71
"171",1,23,4,2
"172",1,23,4,31
"173",3,23,4,45
"174",6,23,4,83
"175",24,23,8,11
"176",45,23,8,17
"177",61,23,8,30
"178",1,23,8,45
"179",12,23,8,52
"180",1,23,8,56
"181",5,23,9,3
"182",1,23,9,10
"183",5,23,9,28
"184",1,23,9,42
"185",4,23,9,67
"186",6,23,16,42
"187",12,23,19,77
"188",4,23,21,28
"189",5,23,22,52
"190",1,23,25,79
"191",6,23,32,18
"192",1,23,36,2
"193",1,23,36,45
"194",4,23,36,47
"195",1,23,36,67
"196",3,23,38,1
"197",2,23,38,11
"198",20,23,38,46
"199",4,23,38,75
"200",1,23,38,80
"201",14,23,41,79
"202",1,23,44,42
"203",1,23,45,47
"204",8,23,46,42
"205",1,23,49,42
"206",11,23,50,42
"207",12,23,54,28
"208",9,23,55,61
"209",1,23,59,42
"210",5,23,69,79
"211",1,23,70,11
"212",1,24,6,47
"213",1,24,15,10
"214",11,24,15,24
"215",1,24,15,75
"216",1,24,21,28
"217",22,24,22,47
"218",14,24,22,52
"219",8,24,29,47
"220",27,24,45,47
"221",7,24,50,42
"222",1,24,59,42
"223",1,24,70,11
"224",1,25,1,42
"225",4,25,34,3
"226",3,26,21,28
"227",2,27,15,47
"228",17,27,21,28
"229",2,27,69,79
"230",2,28,2,42
"231",1,28,2,52
"232",2,28,2,76
"233",2,28,4,14
"234",1,28,4,42
"235",1,28,6,47
"236",23,28,7,16
"237",1,28,9,71
"238",1,28,16,42
"239",56,28,19,77
"240",1,28,34,3
"241",1,28,38,1
"242",1,29,6,47
"243",5,29,7,14
"244",1,29,7,40
"245",3,30,64,31
"246",1,31,8,52
"247",1,31,15,10
"248",1,31,15,56
"249",9,31,22,42
"250",3,32,56,66
"251",13,32,57,66
"252",1,33,9,25
"253",4,34,8,15
"254",7,34,15,64
"255",1,34,15,67
"256",1,34,34,3
"257",6,34,49,42
"258",2,34,50,42
"259",9,35,24,39
"260",1,36,1,56
"261",1,36,4,3
"262",1,36,4,83
"263",41,36,8,11
"264",84,36,8,15
"265",54,36,8,17
"266",3,36,8,28
"267",22,36,8,30
"268",56,36,8,45
"269",18,36,8,47
"270",276,36,8,52
"271",8,36,8,56
"272",3,36,8,60
"273",4,36,11,11
"274",16,36,44,52
"275",9,36,46,42
"276",9,36,48,40
"277",1,36,49,42
"278",24,36,61,80
"279",4,36,65,76
"280",1,37,55,61
"281",18,38,1,5
"282",4,38,1,41
"283",39,38,1,43
"284",2,38,1,62
"285",4,38,2,5
"286",1,38,2,7
"287",10,38,2,16
"288",8,38,2,19
"289",15,38,2,20
"290",1,38,2,28
"291",2,38,2,42
"292",3,38,2,49
"293",7,38,2,52
"294",1,38,2,66
"295",12,38,2,68
"296",4,38,2,76
"297",1,38,2,81
"298",8,38,7,40
"299",6,38,8,17
"300",8,38,15,10
"301",6,38,15,24
"302",2,38,15,75
"303",2,38,21,28
"304",6,38,22,39
"305",6,38,22,42
"306",1,38,22,47
"307",3,38,22,52
"308",7,38,29,47
"309",7,38,35,16
"310",3,38,39,46
"311",2,38,45,47
"312",1,38,49,42
"313",7,38,60,21
"314",1,39,1,62
"315",1,39,5,45
"316",1,39,6,35
"317",2,39,6,74
"318",65,39,7,40
"319",4,39,15,10
"320",2,39,15,24
"321",1,39,15,53
"322",1,39,15,56
"323",1,39,15,64
"324",1,39,20,80
"325",3,39,22,52
"326",3,39,23,80
"327",2,39,31,3
"328",9,39,38,10
"329",1,39,38,75
"330",2,39,40,58
"331",2,39,44,20
"332",1,39,44,47
"333",2,39,44,52
"334",5,39,45,3
"335",2,39,45,47
"336",7,39,52,8
"337",2,39,69,79
"338",127,40,1,3
"339",5,40,1,5
"340",86,40,1,8
"341",33,40,1,11
"342",1,40,1,32
"343",5,40,1,41
"344",17,40,1,42
"345",16,40,1,43
"346",5,40,1,54
"347",7,40,1,55
"348",47,40,1,56
"349",2,40,1,62
"350",3,40,1,81
"351",68,40,1,83
"352",1,40,2,16
"353",1,40,2,20
"354",8,40,2,23
"355",4,40,2,28
"356",12,40,2,42
"357",4,40,2,45
"358",17,40,2,49
"359",3,40,2,50
"360",77,40,2,52
"361",2,40,2,68
"362",13,40,2,76
"363",7,40,2,80
"364",3,40,4,2
"365",5,40,4,3
"366",4,40,4,14
"367",1,40,4,20
"368",11,40,4,31
"369",12,40,4,42
"370",3,40,4,47
"371",6,40,4,79
"372",12,40,4,83
"373",25,40,7,40
"374",171,40,8,11
"375",6,40,8,15
"376",13,40,8,17
"377",1,40,8,28
"378",26,40,8,30
"379",13,40,8,37
"380",27,40,8,45
"381",48,40,8,47
"382",64,40,8,52
"383",4,40,8,67
"384",7,40,8,73
"385",1,40,9,3
"386",1,40,9,37
"387",3,40,9,67
"388",51,40,11,11
"389",20,40,13,3
"390",12,40,14,3
"391",1,40,15,2
"392",10,40,15,10
"393",8,40,15,24
"394",6,40,15,56
"395",6,40,16,42
"396",64,40,19,77
"397",28,40,20,28
"398",9,40,21,28
"399",116,40,22,39
"400",15,40,22,42
"401",26,40,22,47
"402",91,40,22,52
"403",68,40,23,80
"404",17,40,24,39
"405",7,40,25,79
"406",31,40,26,47
"407",19,40,30,42
"408",2,40,31,3
"409",10,40,32,18
"410",1,40,33,42
"411",22,40,34,3
"412",6,40,35,16
"413",1,40,36,2
"414",13,40,36,15
"415",4,40,36,30
"416",25,40,36,42
"417",2,40,36,45
"418",33,40,36,47
"419",1,40,36,67
"420",1,40,38,1
"421",4,40,38,10
"422",1,40,38,46
"423",24,40,38,79
"424",47,40,38,80
"425",28,40,43,42
"426",8,40,44,42
"427",15,40,44,52
"428",7,40,45,3
"429",10,40,45,47
"430",53,40,46,42
"431",8,40,48,40
"432",20,40,49,42
"433",17,40,50,42
"434",1,40,51,15
"435",15,40,52,8
"436",3,40,53,69
"437",24,40,56,66
"438",8,40,57,66
"439",12,40,59,42
"440",6,40,69,79
"441",18,40,70,11
"442",1,41,64,31
"443",17,41,65,76
"444",1,106,4,31
"445",4,106,4,42
"446",2,106,4,47
"447",1,106,4,83
"448",1,106,8,15
"449",1,106,8,45
"450",1,106,8,52
"451",1,106,8,56
"452",4,106,8,60
"453",1,42,21,28
"454",41,42,22,39
"455",12,42,45,47
"456",1,42,56,66
"457",2,42,57,66
"458",6,42,60,21
"459",46,43,1,3
"460",17,43,1,5
"461",21,43,1,8
"462",9,43,1,11
"463",21,43,1,32
"464",139,43,1,42
"465",2,43,1,55
"466",122,43,1,56
"467",26,43,1,59
"468",50,43,1,62
"469",109,43,1,66
"470",29,43,1,71
"471",7,43,1,81
"472",12,43,1,83
"473",2,43,2,5
"474",1,43,2,28
"475",3,43,2,35
"476",2,43,2,46
"477",16,43,2,49
"478",2,43,2,52
"479",1,43,2,57
"480",1,43,2,65
"481",1,43,2,66
"482",1,43,3,48
"483",4,43,4,14
"484",3,43,4,20
"485",1,43,4,42
"486",3,43,4,47
"487",2,43,5,3
"488",3,43,5,6
"489",1,43,5,34
"490",2,43,5,42
"491",7,43,5,45
"492",157,43,6,47
"493",15,43,6,74
"494",11,43,7,14
"495",34,43,8,17
"496",1,43,8,30
"497",10,43,8,45
"498",12,43,8,47
"499",1,43,9,3
"500",3,43,9,46
"501",1,43,9,63
"502",3,43,9,67
"503",11,43,10,42
"504",4,43,11,11
"505",2,43,15,10
"506",10,43,15,24
"507",1,43,15,64
"508",8,43,17,27
"509",28,43,18,14
"510",97,43,19,77
"511",6,43,21,28
"512",14,43,22,16
"513",169,43,22,39
"514",61,43,22,42
"515",216,43,22,47
"516",95,43,22,49
"517",73,43,22,52
"518",7,43,23,80
"519",2,43,25,79
"520",2,43,26,47
"521",5,43,27,38
"522",33,43,27,42
"523",1,43,28,9
"524",1,43,28,13
"525",1,43,28,74
"526",35,43,29,47
"527",14,43,29,67
"528",7,43,30,42
"529",3,43,32,18
"530",8,43,33,42
"531",28,43,35,16
"532",17,43,36,2
"533",1,43,36,14
"534",2,43,36,24
"535",1,43,36,26
"536",1,43,36,45
"537",14,43,36,67
"538",82,43,37,73
"539",10,43,38,1
"540",16,43,38,10
"541",5,43,38,80
"542",2,43,39,25
"543",8,43,39,35
"544",18,43,39,47
"545",11,43,42,73
"546",3,43,43,42
"547",1,43,44,20
"548",3,43,44,42
"549",2,43,44,47
"550",23,43,45,47
"551",8,43,46,42
"552",2,43,48,40
"553",165,43,49,42
"554",5,43,50,42
"555",3,43,51,25
"556",10,43,54,28
"557",8,43,59,42
"558",1,43,69,67
"559",7,43,69,79
"560",2,43,70,7
"561",12,43,70,11
"562",8,43,70,25
"563",13,43,70,50
"564",7,43,70,66
"565",16,45,1,3
"566",25,45,1,8
"567",1,45,1,56
"568",1,45,1,71
"569",2,45,2,20
"570",1,45,2,23
"571",1,45,2,42
"572",1,45,2,49
"573",1,45,2,50
"574",27,45,3,48
"575",16,45,7,14
"576",24,45,7,40
"577",7,45,13,3
"578",15,45,14,3
"579",1,45,15,10
"580",17,45,15,24
"581",2,45,16,42
"582",2,45,18,14
"583",3,45,20,8
"584",5,45,21,28
"585",23,45,22,39
"586",3,45,22,47
"587",1,45,22,49
"588",13,45,22,52
"589",3,45,23,80
"590",2,45,25,79
"591",7,45,26,47
"592",8,45,30,20
"593",11,45,31,3
"594",3,45,34,3
"595",5,45,38,80
"596",2,45,39,47
"597",5,45,45,3
"598",27,45,45,47
"599",40,45,48,40
"600",14,45,50,42
"601",40,45,52,8
"602",10,45,57,66
"603",3,46,1,42
"604",4,46,1,56
"605",3,46,1,71
"606",1,46,17,27
"607",2,46,60,21
"608",2,47,65,76
"609",38,48,1,11
"610",2,48,1,42
"611",43,48,1,54
"612",10,48,1,55
"613",46,48,1,56
"614",9,48,2,54
"615",1,48,4,14
"616",1,48,4,20
"617",2,48,4,33
"618",5,48,4,42
"619",141,48,8,11
"620",13,48,8,17
"621",241,48,8,28
"622",2,48,8,30
"623",1,48,8,37
"624",1,48,8,47
"625",3,48,8,54
"626",35,48,8,56
"627",1,48,8,67
"628",7,48,8,72
"629",31,48,11,11
"630",13,48,19,77
"631",14,48,20,28
"632",7,48,21,28
"633",3,48,22,39
"634",1,48,23,80
"635",5,48,30,42
"636",9,48,32,18
"637",1,48,36,47
"638",3,48,40,58
"639",48,48,46,42
"640",4,48,49,42
"641",1,48,50,42
"642",140,48,50,54
"643",8,48,53,69
"644",12,48,55,61
"645",1,48,56,66
"646",25,48,58,71
"647",3,48,59,42
"648",2,48,60,21
"649",8,48,70,11
"650",2,48,70,66
"651",1,49,4,79
"652",3,49,49,42
"653",45,49,60,21
"654",6,50,49,42
"655",9,50,50,42
"656",4,44,49,42
"657",9,51,49,42
"658",2,52,15,10
"659",4,53,57,66
"660",6,54,23,80
"661",1,54,36,30
"662",2,54,53,69
"663",13,54,60,21
"664",67,55,1,3
"665",13,55,1,5
"666",5,55,1,8
"667",1,55,1,11
"668",58,55,1,42
"669",4,55,1,43
"670",8,55,1,54
"671",88,55,1,56
"672",3,55,1,62
"673",1,55,1,81
"674",1,55,1,83
"675",1,55,4,42
"676",7,55,4,83
"677",3,55,8,30
"678",1,55,8,52
"679",2,55,8,73
"680",1,55,13,3
"681",4,55,16,42
"682",1,55,23,80
"683",8,55,29,47
"684",2,55,29,67
"685",9,55,30,42
"686",3,55,34,3
"687",2,56,22,42
"688",1,56,22,47
"689",1,56,49,42
"690",31,57,60,21
"691",1,58,23,80
"692",3,58,25,79
"693",12,58,26,47
"694",2,58,30,42
"695",1,58,31,3
"696",2,58,34,3
"697",60,58,42,73
"698",3,58,68,25
"699",7,59,2,76
"700",3,59,38,46
"701",13,59,49,42
"702",9,59,50,42
"703",1,59,56,66
"704",2,59,65,76
"705",1,59,69,79
"706",2,59,70,7
"707",1,59,70,11
"708",14,60,30,42
"709",3,60,31,3
"710",2,60,34,3
"711",36,60,42,73
"712",1,60,47,24
"713",2,61,5,6
"714",2,61,5,42
"715",1,61,5,78
"716",1,61,30,42
"717",7,61,31,3
"718",1,61,33,42
"719",5,61,49,42
"720",4,62,60,21
"721",8,63,26,47
"722",6,63,31,3
"723",10,64,4,14
"724",1,64,4,20
"725",5,64,4,31
"726",1,64,26,47
"727",4,64,29,47
"728",2,64,49,42
"729",14,64,52,8
"730",4,64,57,66
"731",1,64,61,80
"732",13,65,57,66
"733",87,65,66,31
"734",80,65,66,80
"735",3,66,1,3
"736",1,67,2,52
"737",1,67,2,76
"738",15,67,2,80
"739",1,67,14,3
"740",3,67,15,2
"741",1,67,15,10
"742",19,67,19,77
"743",2,67,23,80
"744",13,67,24,39
"745",16,67,36,2
"746",2,67,49,42
"747",1,68,62,10
"748",1,69,4,31
"749",7,69,4,42
"750",2,70,21,28
"751",2,70,34,3
"752",2,71,4,2
"753",9,71,4,31
"754",4,71,4,33
"755",9,71,4,42
"756",3,71,4,45
"757",3,71,4,47
"758",4,71,4,79
"759",1,71,4,83
"760",5,71,8,60
"761",15,71,20,8
"762",2,71,20,22
"763",3,71,20,36
"764",6,71,20,56
"765",13,71,20,79
"766",23,71,23,80
"767",3,71,34,3
"768",21,71,46,42
"769",2,71,57,66
"770",14,72,1,8
"771",1,72,1,56
"772",2,72,2,7
"773",5,72,2,49
"774",3,72,3,48
"775",1,72,4,2
"776",1,72,4,14
"777",2,72,4,20
"778",1,72,4,31
"779",1,72,4,42
"780",10,72,7,14
"781",4,72,7,40
"782",2,72,8,20
"783",8,72,8,72
"784",1,72,11,11
"785",15,72,17,27
"786",55,72,19,77
"787",3,72,20,8
"788",6,72,20,28
"789",14,72,21,28
"790",2,72,22,47
"791",7,72,30,20
"792",1,72,36,26
"793",2,72,39,35
"794",8,72,39,47
"795",4,72,45,47
"796",12,72,52,8
"797",1,72,59,42
"798",1,72,60,21
"799",7,72,61,80
"800",4,72,62,10
"801",74,72,63,10
"802",1,72,69,79
"803",3,73,15,24
"804",3,73,40,58
"805",94,73,52,8
"806",14,73,56,66
"807",4,73,57,66
"808",1,73,61,80
"809",14,73,62,10
"810",66,73,63,10
"811",1,73,64,31
"812",22,73,65,76
"813",6,74,2,7
"814",1,74,2,20
"815",1,74,2,23
"816",6,74,2,49
"817",13,74,2,76
"818",25,74,2,80
"819",3,74,7,14
"820",2,74,12,57
"821",1,74,15,24
"822",1,74,15,67
"823",1,74,15,75
"824",2,74,16,42
"825",26,74,18,14
"826",3,74,21,28
"827",1,74,22,16
"828",29,74,22,39
"829",34,74,22,42
"830",53,74,22,49
"831",6,74,29,67
"832",1,74,35,16
"833",1,74,37,73
"834",16,74,39,35
"835",3,74,40,58
"836",1,74,45,3
"837",34,74,45,47
"838",36,74,49,42
"839",11,74,50,42
"840",2,74,70,11
"841",2,74,70,50
"842",12,75,1,3
"843",3,75,1,83
"844",1,75,4,2
"845",1,75,4,31
"846",1,75,4,47
"847",3,75,4,79
"848",1,75,4,83
"849",14,75,26,47
"850",2,75,31,3
"851",4,75,34,3
"852",8,75,42,73
"853",44,75,52,8
"854",6,75,57,66
"855",2,75,60,21
"856",12,75,62,10
"857",1,76,34,3
"858",1,76,39,35
"859",15,76,54,28
"860",1,77,60,21
"861",17,78,1,8
"862",3,78,1,62
"863",5,78,2,20
"864",1,78,2,76
"865",4,78,2,80
"866",15,78,3,48
"867",1,78,4,2
"868",1,78,4,14
"869",2,78,4,31
"870",2,78,4,42
"871",3,78,4,47
"872",1,78,4,79
"873",1,78,4,83
"874",31,78,7,40
"875",2,78,8,17
"876",7,78,15,10
"877",21,78,15,24
"878",2,78,15,47
"879",1,78,15,56
"880",2,78,16,42
"881",30,78,20,8
"882",3,78,22,16
"883",5,78,22,39
"884",1,78,22,42
"885",2,78,22,47
"886",18,78,22,49
"887",16,78,22,52
"888",3,78,23,80
"889",2,78,24,39
"890",3,78,28,69
"891",10,78,31,3
"892",5,78,36,2
"893",1,78,36,14
"894",3,78,36,15
"895",11,78,36,24
"896",1,78,36,47
"897",1,78,36,67
"898",11,78,38,10
"899",12,78,38,80
"900",3,78,39,47
"901",12,78,45,3
"902",23,78,45,47
"903",2,78,51,15
"904",8,78,51,25
"905",6,78,52,8
"906",2,78,59,42
"907",4,78,60,21
"908",125,78,63,10
"909",22,78,64,31
"910",4,78,66,31
"911",2,78,67,24
"912",2,78,69,79
"913",1,78,70,11
"914",1,78,70,50
"915",5,79,1,3
"916",5,79,1,8
"917",7,79,1,81
"918",12,79,2,20
"919",2,79,2,23
"920",2,79,2,42
"921",1,79,2,49
"922",98,79,3,48
"923",4,79,4,14
"924",7,79,4,31
"925",6,79,6,47
"926",9,79,7,14
"927",158,79,7,40
"928",8,79,10,42
"929",2,79,13,3
"930",39,79,14,3
"931",4,79,15,10
"932",11,79,15,24
"933",5,79,16,42
"934",74,79,20,8
"935",6,79,21,28
"936",12,79,22,39
"937",8,79,22,42
"938",3,79,22,47
"939",3,79,22,49
"940",3,79,23,80
"941",1,79,25,79
"942",2,79,29,47
"943",25,79,30,20
"944",14,79,31,3
"945",3,79,34,3
"946",3,79,36,2
"947",1,79,36,47
"948",1,79,38,10
"949",17,79,38,80
"950",6,79,39,47
"951",6,79,45,3
"952",22,79,45,47
"953",2,79,48,40
"954",7,79,51,15
"955",88,79,52,8
"956",3,79,57,66
"957",3,79,59,42
"958",18,79,61,80
"959",280,79,63,10
"960",2,79,65,76
"961",60,79,66,31
"962",3,80,1,83
"963",1,80,57,66
"964",5,80,61,80
"965",1,81,8,17
"966",1,81,20,22
"967",2,81,49,42
"968",3,82,2,5
"969",6,82,2,7
"970",2,82,2,45
"971",1,82,2,49
"972",2,82,2,50
"973",1,82,2,76
"974",5,82,4,2
"975",4,82,4,14
"976",6,82,4,20
"977",5,82,4,31
"978",5,82,4,42
"979",4,82,4,45
"980",1,82,4,47
"981",3,82,4,79
"982",7,82,8,17
"983",15,82,8,47
"984",6,82,11,11
"985",1,82,14,3
"986",1,82,15,10
"987",11,82,15,24
"988",4,82,15,47
"989",1,82,15,53
"990",2,82,16,42
"991",2,82,18,14
"992",18,82,21,28
"993",3,82,22,16
"994",5,82,22,39
"995",1,82,22,42
"996",2,82,22,47
"997",9,82,22,49
"998",6,82,25,79
"999",1,82,30,20
"1000",3,82,30,42
"1001",2,82,32,18
"1002",5,82,34,3
"1003",2,82,35,16
"1004",2,82,36,2
"1005",1,82,36,42
"1006",1,82,36,47
"1007",6,82,36,67
"1008",1,82,38,1
"1009",4,82,38,10
"1010",3,82,38,79
"1011",22,82,38,80
"1012",6,82,41,79
"1013",1,82,44,20
"1014",18,82,44,42
"1015",8,82,44,52
"1016",32,82,46,42
"1017",5,82,49,42
"1018",2,82,51,15
"1019",2,82,51,25
"1020",6,82,52,8
"1021",9,82,56,66
"1022",15,82,57,66
"1023",1,82,59,42
"1024",3,82,61,80
"1025",404,82,62,10
"1026",2,82,63,10
"1027",10,82,64,31
"1028",22,82,66,31
"1029",1,82,69,11
"1030",14,82,69,67
"1031",4,82,69,79
"1032",3,83,1,42
"1033",5,83,2,20
"1034",5,83,2,52
"1035",4,83,2,76
"1036",2,83,4,14
"1037",2,83,4,20
"1038",1,83,4,31
"1039",3,83,4,42
"1040",1,83,4,45
"1041",11,83,7,16
"1042",94,83,7,40
"1043",1,83,8,17
"1044",4,83,10,42
"1045",2,83,16,42
"1046",6,83,21,28
"1047",1,83,22,47
"1048",5,83,22,52
"1049",18,83,38,10
"1050",6,83,38,46
"1051",11,83,38,75
"1052",1,83,41,79
"1053",6,83,44,42
"1054",7,83,59,42
"1055",7,83,67,24
"1056",1,83,69,71
"1057",1,83,69,79
"1058",3,83,70,50
"1059",15,84,1,42
"1060",7,85,49,42
"1061",1,85,70,7
"1062",31,86,66,31
"1063",1,87,30,20
"1064",1,88,57,66
"1065",1,89,53,69
"1066",2,89,53,81
"1067",8,90,31,3
"1068",5,90,32,18
"1069",29,90,52,8
"1070",2,91,2,7
"1071",11,91,2,20
"1072",2,91,2,23
"1073",1,91,2,35
"1074",9,91,2,49
"1075",4,91,2,52
"1076",1,91,2,68
"1077",4,91,3,48
"1078",3,91,4,47
"1079",1,91,4,83
"1080",1,91,8,17
"1081",4,91,10,42
"1082",1,91,14,3
"1083",8,91,15,24
"1084",3,91,20,8
"1085",1,91,22,47
"1086",2,91,29,47
"1087",4,91,30,20
"1088",13,91,31,3
"1089",6,91,39,47
"1090",1,91,45,3
"1091",1,91,51,15
"1092",140,91,52,8
"1093",1,91,53,69
"1094",2,91,57,66
"1095",1,91,62,10
"1096",1,92,11,11
"1097",8,92,19,77
"1098",3,92,22,52
"1099",27,92,29,67
"1100",1,92,36,14
"1101",1,92,39,25
"1102",4,92,51,25
"1103",61,92,54,28
"1104",14,93,21,28
"1105",1,93,48,40
"1106",1,94,1,42
"1107",3,94,1,59
"1108",1,94,2,50
"1109",2,94,2,66
"1110",2,94,2,68
"1111",3,94,4,14
"1112",25,94,7,14
"1113",3,94,7,16
"1114",19,94,15,24
"1115",1,94,15,56
"1116",2,94,15,75
"1117",4,94,21,28
"1118",24,94,22,42
"1119",4,94,23,80
"1120",2,94,30,42
"1121",1,94,32,18
"1122",1,94,33,42
"1123",3,94,34,3
"1124",2,94,43,42
"1125",4,94,50,42
"1126",4,94,56,66
"1127",5,94,57,66
"1128",1,94,59,42
"1129",1,94,70,50
"1130",1,95,1,5
"1131",1,95,1,8
"1132",1,95,1,43
"1133",3,95,1,55
"1134",4,95,2,4
"1135",3,95,2,5
"1136",14,95,2,7
"1137",1,95,2,24
"1138",2,95,2,28
"1139",4,95,2,42
"1140",6,95,2,49
"1141",11,95,2,57
"1142",2,95,2,70
"1143",1,95,2,81
"1144",5,95,3,48
"1145",1,95,15,64
"1146",1,95,16,42
"1147",4,95,30,42
"1148",1,95,49,42
"1149",11,95,57,66
"1150",1,95,59,42
"1151",5,96,49,42
"1152",31,97,42,73
"1153",2,98,30,42
"1154",1,99,36,24
"1155",80,100,1,3
"1156",53,100,1,83
"1157",2,100,30,42
"1158",4,100,31,3
"1159",1,100,33,42
"1160",5,100,34,3
"1161",7,100,42,73
"1162",2,100,49,42
"1163",5,101,6,47
"1164",7,101,31,3
"1165",53,101,39,35
"1166",1,101,42,73
"1167",10,101,54,28
"1168",2,102,8,47
"1169",13,103,29,47
"1170",2,104,6,47
"1171",2,104,36,2
"1172",1,105,53,81
"1173",6,105,56,66
"1174",14,105,57,66
"1175",2,107,4,2
"1176",4,107,4,42
"1177",3,107,4,47
"1178",4,107,8,30
"1179",7,107,8,60
"1180",26,107,46,42
"1181",16,107,57,66
"1182",1,107,58,71
"1183",4,107,64,31
"1184",39,107,66,31
"1185",1,107,66,80
"1186",3,108,1,42
"1187",1,108,2,81
"1188",10,108,8,17
"1189",1,108,13,3
"1190",5,108,27,38
"1191",1,108,30,20
"1192",4,108,30,42
"1193",2,108,31,3
"1194",3,108,33,42
"1195",1,108,49,42
"1196",13,108,52,8
"1197",1,108,69,71
"1198",1,109,1,42
"1199",1,109,5,34
"1200",1,109,5,45
"1201",3,109,21,28
"1202",2,109,22,52
"1203",16,109,42,73
"1204",3,109,45,47
"1205",2,109,60,21
"1206",1,109,64,31
"1207",1,110,1,42
"1208",4,110,2,5
"1209",1,110,2,7
"1210",1,110,2,16
"1211",1,110,2,23
"1212",7,110,2,45
"1213",3,110,2,49
"1214",2,110,2,50
"1215",3,110,2,52
"1216",2,110,2,68
"1217",28,110,2,76
"1218",5,110,2,80
"1219",60,110,3,48
"1220",5,110,4,2
"1221",4,110,4,14
"1222",3,110,4,20
"1223",1,110,4,31
"1224",1,110,4,42
"1225",9,110,7,14
"1226",3,110,8,11
"1227",2,110,8,20
"1228",2,110,8,30
"1229",3,110,8,47
"1230",9,110,8,72
"1231",2,110,9,3
"1232",2,110,9,12
"1233",12,110,9,13
"1234",1,110,9,25
"1235",17,110,9,28
"1236",4,110,9,67
"1237",1,110,9,73
"1238",11,110,10,42
"1239",3,110,11,11
"1240",24,110,12,57
"1241",10,110,13,3
"1242",4,110,15,10
"1243",27,110,15,24
"1244",8,110,15,56
"1245",1,110,15,75
"1246",6,110,16,42
"1247",28,110,18,14
"1248",116,110,19,77
"1249",28,110,20,8
"1250",32,110,20,28
"1251",35,110,21,28
"1252",25,110,22,16
"1253",26,110,22,39
"1254",24,110,22,42
"1255",4,110,22,47
"1256",53,110,22,49
"1257",8,110,25,79
"1258",4,110,26,47
"1259",1,110,29,47
"1260",66,110,30,20
"1261",4,110,30,42
"1262",3,110,31,3
"1263",5,110,32,18
"1264",2,110,34,3
"1265",1,110,36,24
"1266",8,110,36,26
"1267",5,110,36,45
"1268",2,110,38,80
"1269",1,110,39,35
"1270",2,110,39,47
"1271",4,110,40,58
"1272",2,110,41,79
"1273",1,110,44,42
"1274",3,110,45,3
"1275",16,110,45,47
"1276",17,110,46,42
"1277",69,110,48,40
"1278",44,110,49,42
"1279",89,110,50,42
"1280",3,110,50,54
"1281",9,110,51,15
"1282",19,110,51,25
"1283",29,110,52,8
"1284",54,110,54,28
"1285",5,110,56,66
"1286",1,110,57,66
"1287",2,110,58,71
"1288",14,110,59,42
"1289",4,110,62,10
"1290",2,110,69,28
"1291",1,110,69,67
"1292",9,110,69,79
"1293",2,110,70,7
"1294",3,110,70,11
"1295",1,111,6,74
"1296",12,111,27,38
"1297",8,111,30,42
"1298",8,111,33,42
"1299",2,112,8,30
"1300",17,112,8,56
"1301",3,112,8,72
"1302",2,112,30,42
"1303",2,112,51,25
"1304",2,113,16,42
"1305",3,113,30,20
"1306",2,113,32,18
"1307",1,113,60,21
"1308",1,113,62,10
"1309",4,114,15,10
"1310",2,115,43,42
"1311",12,115,52,8
"1312",29,115,56,66
"1313",32,115,57,66
"1314",13,115,58,71
"1315",77,115,62,10
"1316",11,115,64,31
"1317",30,115,64,81
"1318",5,116,62,10
"1319",8,116,64,31
"1320",1,117,1,5
"1321",5,117,1,8
"1322",6,117,1,51
"1323",1,117,1,56
"1324",4,117,1,66
"1325",34,117,7,16
"1326",3,117,9,82
"1327",2,117,26,47
"1328",3,117,27,42
"1329",11,117,35,16
"1330",1,117,39,25
"1331",5,117,43,18
"1332",27,117,43,42
"1333",1,117,47,24
"1334",7,117,52,8
"1335",2,117,53,81
"1336",5,117,56,66
"1337",29,117,57,66
"1338",5,117,60,21
"1339",348,117,62,10
"1340",2,117,63,10
"1341",4,117,64,31
"1342",100,117,64,81
"1343",3,117,70,11
"1344",1,118,1,42
"1345",1,118,1,55
"1346",7,118,1,56
"1347",1,118,1,71
"1348",3,118,4,2
"1349",3,118,4,3
"1350",2,118,4,20
"1351",2,118,4,31
"1352",22,118,4,42
"1353",4,118,4,45
"1354",4,118,4,47
"1355",7,118,4,79
"1356",2,118,4,83
"1357",8,118,7,14
"1358",19,118,7,16
"1359",63,118,7,40
"1360",2,118,8,17
"1361",4,118,11,11
"1362",8,118,20,28
"1363",2,118,21,28
"1364",30,118,22,39
"1365",4,118,22,42
"1366",2,118,22,47
"1367",3,118,22,52
"1368",20,118,23,80
"1369",9,118,34,3
"1370",7,118,36,2
"1371",1,118,36,14
"1372",16,118,36,15
"1373",1,118,36,24
"1374",5,118,36,30
"1375",27,118,36,42
"1376",6,118,36,45
"1377",31,118,36,47
"1378",29,118,36,67
"1379",13,118,38,1
"1380",17,118,38,10
"1381",1,118,38,11
"1382",7,118,38,46
"1383",20,118,38,80
"1384",11,118,41,79
"1385",10,118,45,3
"1386",10,118,45,47
"1387",6,118,49,42
"1388",4,118,51,25
"1389",2,118,56,66
"1390",16,118,57,66
"1391",7,118,58,71
"1392",2,118,62,10
"1393",3,118,69,11
"1394",2,118,69,25
"1395",3,118,69,67
"1396",5,118,69,71
"1397",2,118,69,79
"1398",22,119,62,10
"1399",2,119,64,31
"1400",30,121,1,3
"1401",27,121,1,5
"1402",74,121,1,8
"1403",4,121,1,11
"1404",44,121,1,42
"1405",53,121,1,43
"1406",3,121,1,51
"1407",3,121,1,54
"1408",25,121,1,55
"1409",22,121,1,56
"1410",9,121,1,62
"1411",6,121,1,66
"1412",18,121,1,71
"1413",1,121,1,83
"1414",1,121,2,42
"1415",1,121,3,48
"1416",8,121,4,2
"1417",1,121,4,14
"1418",1,121,4,31
"1419",1,121,4,33
"1420",4,121,4,42
"1421",5,121,4,45
"1422",3,121,4,47
"1423",1,121,4,79
"1424",1,121,4,83
"1425",1,121,5,25
"1426",3,121,6,35
"1427",22,121,7,16
"1428",30,121,7,40
"1429",18,121,8,11
"1430",7,121,8,15
"1431",5,121,8,17
"1432",14,121,8,30
"1433",1,121,8,45
"1434",14,121,8,47
"1435",7,121,8,56
"1436",1,121,9,3
"1437",2,121,9,12
"1438",1,121,9,45
"1439",1,121,9,57
"1440",2,121,9,65
"1441",9,121,11,11
"1442",1,121,15,10
"1443",1,121,15,24
"1444",9,121,15,56
"1445",2,121,17,27
"1446",6,121,20,8
"1447",3,121,20,22
"1448",1,121,20,36
"1449",6,121,20,56
"1450",5,121,20,79
"1451",2,121,20,80
"1452",3,121,23,80
"1453",3,121,27,42
"1454",1,121,28,69
"1455",1,121,28,74
"1456",6,121,29,47
"1457",9,121,30,42
"1458",2,121,31,3
"1459",5,121,33,42
"1460",1,121,34,3
"1461",4,121,36,2
"1462",1,121,36,24
"1463",6,121,36,30
"1464",1,121,36,42
"1465",3,121,36,45
"1466",12,121,36,47
"1467",1,121,36,67
"1468",6,121,39,25
"1469",3,121,39,35
"1470",47,121,39,46
"1471",91,121,41,79
"1472",2,121,42,73
"1473",10,121,46,42
"1474",11,121,49,42
"1475",21,121,52,8
"1476",2,121,53,69
"1477",9,121,57,66
"1478",1,121,58,71
"1479",8,121,62,10
"1480",2,121,70,7
"1481",2,121,70,25
"1482",3,121,70,50
"1483",1,120,22,42
"1484",1,120,45,47
"1485",1,122,8,17
"1486",4,123,1,42
"1487",4,123,7,16
"1488",4,123,52,8
"1489",1,124,1,8
"1490",3,124,1,55
"1491",2,124,1,56
"1492",2,124,5,6
"1493",2,124,5,25
"1494",3,124,5,34
"1495",9,124,5,45
"1496",1,124,16,42
"1497",7,124,22,16
"1498",3,124,22,39
"1499",14,124,22,42
"1500",16,124,22,49
"1501",1,124,30,42
"1502",1,124,35,16
"1503",1,124,37,73
"1504",19,124,49,42
"1505",4,124,58,71
"1506",1,124,70,25
"1507",4,125,30,42
"1508",1,125,52,8
"1509",7,125,53,69
"1510",6,125,53,81
"1511",9,125,57,66
"1512",8,126,2,52
"1513",2,126,2,76
"1514",7,126,22,16
"1515",7,126,29,67
"1516",7,126,35,16
"1517",3,126,69,79
"1518",1,127,51,25
"1519",24,129,1,11
"1520",27,129,1,42
"1521",9,129,8,17
"1522",34,129,22,42
"1523",17,129,41,79
"1524",1,129,45,47
"1525",2,129,49,42
"1526",1,129,69,79
"1527",13,129,70,11
"1528",31,130,6,35
"1529",2,130,6,44
"1530",8,130,6,47
"1531",1,130,6,74
"1532",32,130,27,38
"1533",3,130,28,42
"1534",1,130,28,45
"1535",20,130,30,42
"1536",21,130,33,42
"1537",35,130,54,28
"1538",8,131,59,42
"1539",4,132,39,25
"1540",1,132,67,24
"1541",4,128,45,47
"1542",4,128,66,31
"1543",3,133,1,3
"1544",12,133,1,5
"1545",7,133,1,8
"1546",15,133,1,11
"1547",12,133,1,42
"1548",2,133,1,43
"1549",4,133,1,54
"1550",13,133,1,55
"1551",54,133,1,56
"1552",17,133,1,62
"1553",3,133,1,71
"1554",1,133,4,2
"1555",12,133,4,42
"1556",1,133,4,45
"1557",2,133,4,83
"1558",7,133,7,16
"1559",28,133,7,40
"1560",2,133,13,3
"1561",1,133,15,2
"1562",14,133,15,10
"1563",13,133,15,64
"1564",11,133,16,42
"1565",1,133,20,56
"1566",7,133,20,79
"1567",3,133,20,80
"1568",1,133,22,42
"1569",1,133,22,47
"1570",3,133,23,80
"1571",1,133,24,39
"1572",2,133,25,79
"1573",5,133,26,47
"1574",10,133,30,42
"1575",2,133,31,3
"1576",13,133,32,18
"1577",2,133,33,42
"1578",5,133,34,3
"1579",1,133,36,2
"1580",5,133,36,30
"1581",6,133,36,42
"1582",1,133,36,45
"1583",7,133,36,47
"1584",1,133,36,67
"1585",11,133,38,1
"1586",5,133,38,10
"1587",13,133,38,46
"1588",1,133,38,75
"1589",2,133,38,80
"1590",2,133,45,3
"1591",29,133,46,42
"1592",2,133,47,24
"1593",3,133,49,42
"1594",6,133,51,25
"1595",2,133,53,69
"1596",1,133,68,25
"1597",2,133,69,71
"1598",2,133,69,79
"1599",50,134,1,3
"1600",1,134,1,5
"1601",12,134,1,8
"1602",97,134,1,11
"1603",5,134,1,32
"1604",5,134,1,41
"1605",75,134,1,42
"1606",8,134,1,43
"1607",13,134,1,54
"1608",86,134,1,55
"1609",79,134,1,56
"1610",4,134,1,59
"1611",27,134,1,62
"1612",13,134,1,66
"1613",7,134,1,71
"1614",5,134,1,83
"1615",10,134,2,5
"1616",1,134,2,16
"1617",2,134,2,19
"1618",1,134,2,20
"1619",6,134,2,23
"1620",7,134,2,35
"1621",9,134,2,42
"1622",1,134,2,45
"1623",17,134,2,49
"1624",9,134,2,52
"1625",6,134,2,65
"1626",6,134,2,66
"1627",8,134,2,76
"1628",6,134,2,81
"1629",9,134,3,48
"1630",2,134,4,2
"1631",2,134,4,42
"1632",1,134,4,47
"1633",6,134,6,35
"1634",6,134,6,47
"1635",16,134,7,16
"1636",6,134,7,40
"1637",94,134,8,11
"1638",16,134,8,17
"1639",4,134,8,25
"1640",53,134,8,28
"1641",1,134,8,30
"1642",12,134,8,37
"1643",8,134,8,47
"1644",12,134,8,56
"1645",24,134,8,67
"1646",4,134,8,72
"1647",15,134,8,73
"1648",2,134,9,3
"1649",4,134,9,28
"1650",4,134,9,42
"1651",1,134,9,45
"1652",6,134,9,67
"1653",5,134,10,42
"1654",57,134,11,11
"1655",3,134,13,3
"1656",2,134,14,3
"1657",1,134,15,2
"1658",2,134,15,10
"1659",10,134,15,24
"1660",24,134,15,56
"1661",1,134,15,67
"1662",24,134,16,42
"1663",1,134,17,27
"1664",72,134,19,77
"1665",16,134,20,28
"1666",61,134,21,28
"1667",1,134,22,16
"1668",102,134,22,39
"1669",41,134,22,42
"1670",18,134,22,47
"1671",17,134,22,52
"1672",5,134,23,80
"1673",18,134,24,39
"1674",4,134,25,79
"1675",13,134,26,47
"1676",6,134,27,38
"1677",1,134,28,9
"1678",2,134,28,10
"1679",2,134,28,69
"1680",3,134,28,74
"1681",5,134,29,47
"1682",25,134,29,67
"1683",1,134,30,20
"1684",127,134,30,42
"1685",10,134,31,3
"1686",28,134,32,18
"1687",11,134,33,42
"1688",21,134,34,3
"1689",7,134,35,16
"1690",4,134,36,15
"1691",7,134,36,24
"1692",11,134,36,30
"1693",73,134,36,42
"1694",1,134,36,45
"1695",32,134,36,47
"1696",1,134,36,67
"1697",11,134,38,1
"1698",5,134,38,10
"1699",1,134,38,11
"1700",2,134,38,46
"1701",9,134,38,79
"1702",3,134,38,80
"1703",29,134,39,46
"1704",5,134,39,47
"1705",18,134,43,18
"1706",9,134,43,42
"1707",1,134,44,20
"1708",5,134,44,42
"1709",4,134,44,47
"1710",4,134,44,52
"1711",8,134,45,3
"1712",13,134,45,47
"1713",22,134,49,42
"1714",21,134,50,42
"1715",1,134,51,15
"1716",15,134,51,25
"1717",8,134,53,69
"1718",2,134,56,66
"1719",3,134,57,66
"1720",7,134,59,42
"1721",9,134,68,25
"1722",1,134,69,67
"1723",18,134,70,11
"1724",1,134,70,50
"1725",6,134,70,66
"1726",12,135,1,3
"1727",19,135,1,11
"1728",4,135,1,42
"1729",4,135,1,51
"1730",2,135,1,56
"1731",6,135,1,59
"1732",114,135,1,81
"1733",3,135,2,49
"1734",11,135,2,81
"1735",1,135,13,3
"1736",1,135,15,10
"1737",1,135,15,24
"1738",2,135,16,42
"1739",15,135,21,28
"1740",2,135,22,47
"1741",6,135,29,47
"1742",2,135,29,67
"1743",1,135,34,3
"1744",14,135,39,25
"1745",24,135,42,73
"1746",16,135,43,42
"1747",5,135,45,3
"1748",10,135,45,47
"1749",4,135,49,42
"1750",12,135,50,42
"1751",8,135,53,81
"1752",4,135,56,66
"1753",3,135,57,66
"1754",1,135,69,11
"1755",15,135,69,79
"1756",1,135,70,11
"1757",4,136,1,8
"1758",1,136,2,20
"1759",1,136,2,42
"1760",1,136,23,80
"1761",1,136,68,25
"1762",1,136,70,11
"1763",1,137,1,62
"1764",2,137,7,40
"1765",2,137,9,3
"1766",1,137,9,25
"1767",1,137,9,45
"1768",4,137,23,80
"1769",1,137,38,1
"1770",2,137,38,10
"1771",2,137,38,80
"1772",5,138,1,3
"1773",38,138,1,11
"1774",7,138,1,41
"1775",7,138,1,42
"1776",29,138,1,55
"1777",26,138,1,56
"1778",11,138,1,62
"1779",21,138,1,66
"1780",1,138,1,81
"1781",2,138,2,5
"1782",5,138,2,7
"1783",8,138,2,19
"1784",3,138,2,20
"1785",10,138,2,23
"1786",4,138,2,28
"1787",4,138,2,35
"1788",1,138,2,42
"1789",4,138,2,45
"1790",11,138,2,49
"1791",4,138,2,52
"1792",1,138,2,66
"1793",102,138,2,76
"1794",2,138,2,80
"1795",1,138,2,81
"1796",3,138,4,14
"1797",4,138,4,42
"1798",1,138,4,45
"1799",2,138,4,47
"1800",2,138,4,83
"1801",1,138,6,47
"1802",12,138,7,14
"1803",53,138,7,16
"1804",18,138,7,40
"1805",34,138,8,11
"1806",2,138,8,17
"1807",1,138,8,28
"1808",10,138,8,30
"1809",33,138,8,47
"1810",58,138,8,56
"1811",4,138,8,72
"1812",24,138,9,3
"1813",2,138,9,10
"1814",6,138,9,11
"1815",2,138,9,12
"1816",2,138,9,25
"1817",15,138,9,28
"1818",1,138,9,42
"1819",6,138,9,45
"1820",21,138,9,67
"1821",4,138,9,71
"1822",1,138,9,82
"1823",13,138,10,42
"1824",29,138,11,11
"1825",41,138,13,3
"1826",3,138,14,3
"1827",8,138,15,2
"1828",51,138,15,10
"1829",2,138,15,17
"1830",60,138,15,24
"1831",4,138,15,47
"1832",50,138,15,56
"1833",17,138,15,67
"1834",13,138,15,75
"1835",22,138,16,42
"1836",8,138,18,14
"1837",121,138,19,77
"1838",63,138,20,28
"1839",126,138,21,28
"1840",12,138,22,16
"1841",146,138,22,39
"1842",47,138,22,42
"1843",12,138,22,47
"1844",24,138,22,52
"1845",21,138,23,80
"1846",37,138,24,39
"1847",12,138,25,79
"1848",9,138,26,47
"1849",1,138,28,45
"1850",2,138,29,47
"1851",74,138,29,67
"1852",3,138,30,20
"1853",134,138,30,42
"1854",4,138,31,3
"1855",74,138,32,18
"1856",10,138,33,42
"1857",24,138,34,3
"1858",32,138,35,16
"1859",27,138,36,2
"1860",11,138,36,14
"1861",3,138,36,24
"1862",1,138,36,26
"1863",2,138,36,42
"1864",11,138,36,45
"1865",3,138,36,47
"1866",8,138,36,67
"1867",9,138,38,1
"1868",9,138,38,10
"1869",5,138,38,11
"1870",28,138,38,46
"1871",9,138,38,75
"1872",1,138,38,79
"1873",5,138,38,80
"1874",215,138,39,25
"1875",79,138,39,35
"1876",54,138,39,46
"1877",38,138,40,58
"1878",24,138,41,79
"1879",16,138,44,20
"1880",62,138,44,42
"1881",12,138,44,47
"1882",1,138,44,52
"1883",81,138,45,3
"1884",33,138,45,47
"1885",261,138,46,42
"1886",1,138,48,40
"1887",67,138,49,42
"1888",62,138,50,42
"1889",85,138,51,25
"1890",2,138,53,69
"1891",2,138,53,81
"1892",76,138,54,28
"1893",47,138,56,66
"1894",33,138,57,66
"1895",89,138,59,42
"1896",1,138,66,31
"1897",115,138,68,25
"1898",8,138,69,11
"1899",6,138,69,25
"1900",6,138,69,67
"1901",5,138,69,71
"1902",13,138,69,79
"1903",5,138,70,7
"1904",75,138,70,11
"1905",10,138,70,25
"1906",8,138,70,50
"1907",9,138,70,66
"1908",2,139,61,80
"1909",10,140,30,42
"1910",3,141,1,81
"1911",1,141,2,19
"1912",4,141,2,49
"1913",1,141,2,81
"1914",3,141,3,48
"1915",3,141,23,80
"1916",3,141,45,47
"1917",139,141,52,8
"1918",1,141,53,69
"1919",3,141,56,66
"1920",3,141,57,66
"1921",21,141,61,80
"1922",320,141,62,10
"1923",8,141,63,10
"1924",1,141,64,31
"1925",86,141,64,81
"1926",2,142,1,56
"1927",1,142,4,83
"1928",1,142,8,15
"1929",1,142,8,17
"1930",3,142,23,80
"1931",1,142,31,3
"1932",4,142,38,10
"1933",1,142,38,79
"1934",2,142,65,76
"1935",4,143,1,42
"1936",17,143,1,56
"1937",1,143,1,71
"1938",3,143,16,42
"1939",1,143,20,80
"1940",1,143,22,42
"1941",13,143,23,80
"1942",2,143,24,39
"1943",39,143,30,42
"1944",3,143,31,3
"1945",3,143,32,18
"1946",1,143,36,42
"1947",3,143,43,42
"1948",1,143,47,24
"1949",3,144,1,8
"1950",4,144,3,48
"1951",2,144,6,35
"1952",1,144,23,80
"1953",2,144,30,42
"1954",9,144,31,3
"1955",2,144,32,18
"1956",5,144,52,8
"1957",26,144,53,81
"1958",2,144,57,66
"1959",4,144,60,21
"1960",15,144,61,80
"1961",8,144,63,10
"1962",15,144,64,31
"1963",20,144,64,81
"1964",6,144,66,31
"1965",47,145,1,3
"1966",56,145,1,5
"1967",239,145,1,8
"1968",12,145,1,11
"1969",53,145,1,32
"1970",3,145,1,41
"1971",24,145,1,42
"1972",15,145,1,43
"1973",152,145,1,51
"1974",1,145,1,54
"1975",63,145,1,55
"1976",35,145,1,56
"1977",3,145,1,62
"1978",106,145,1,66
"1979",10,145,1,71
"1980",204,145,1,81
"1981",1,145,1,83
"1982",31,145,2,5
"1983",4,145,2,7
"1984",4,145,2,16
"1985",9,145,2,20
"1986",1,145,2,28
"1987",9,145,2,35
"1988",8,145,2,42
"1989",14,145,2,45
"1990",1,145,2,46
"1991",4,145,2,47
"1992",6,145,2,49
"1993",4,145,2,50
"1994",6,145,2,52
"1995",3,145,2,65
"1996",2,145,2,68
"1997",4,145,2,76
"1998",17,145,2,81
"1999",376,145,3,48
"2000",3,145,4,2
"2001",6,145,4,14
"2002",10,145,4,20
"2003",5,145,4,31
"2004",5,145,4,42
"2005",2,145,5,42
"2006",12,145,5,45
"2007",30,145,6,35
"2008",1,145,6,44
"2009",15,145,6,47
"2010",4,145,6,74
"2011",100,145,7,14
"2012",12,145,7,16
"2013",90,145,7,40
"2014",4,145,8,11
"2015",20,145,8,30
"2016",55,145,8,47
"2017",26,145,8,56
"2018",26,145,8,72
"2019",7,145,9,3
"2020",6,145,9,12
"2021",1,145,9,13
"2022",1,145,9,17
"2023",1,145,9,25
"2024",14,145,9,28
"2025",8,145,9,31
"2026",1,145,9,42
"2027",14,145,9,57
"2028",1,145,9,67
"2029",1,145,9,73
"2030",55,145,10,42
"2031",15,145,11,11
"2032",362,145,12,57
"2033",31,145,13,3
"2034",6,145,15,2
"2035",46,145,15,10
"2036",109,145,15,24
"2037",5,145,15,31
"2038",24,145,15,47
"2039",25,145,15,53
"2040",22,145,15,56
"2041",2,145,15,64
"2042",3,145,15,67
"2043",12,145,15,75
"2044",9,145,16,42
"2045",147,145,17,27
"2046",50,145,18,14
"2047",17,145,19,77
"2048",30,145,20,8
"2049",30,145,20,28
"2050",1,145,20,36
"2051",2,145,20,56
"2052",176,145,21,28
"2053",57,145,22,16
"2054",92,145,22,39
"2055",29,145,22,42
"2056",169,145,22,47
"2057",101,145,22,49
"2058",56,145,22,52
"2059",7,145,23,80
"2060",90,145,24,39
"2061",13,145,25,79
"2062",39,145,26,47
"2063",2,145,27,38
"2064",27,145,27,42
"2065",2,145,28,42
"2066",1,145,28,48
"2067",9,145,28,69
"2068",42,145,29,47
"2069",44,145,29,67
"2070",241,145,30,20
"2071",70,145,30,42
"2072",29,145,31,3
"2073",29,145,32,18
"2074",10,145,33,42
"2075",13,145,34,3
"2076",16,145,35,16
"2077",29,145,36,2
"2078",10,145,36,14
"2079",10,145,36,24
"2080",489,145,36,26
"2081",18,145,36,30
"2082",7,145,36,42
"2083",10,145,36,45
"2084",53,145,36,47
"2085",6,145,36,67
"2086",1,145,38,1
"2087",1,145,38,10
"2088",2,145,38,46
"2089",1,145,38,75
"2090",10,145,38,80
"2091",19,145,39,25
"2092",151,145,39,35
"2093",7,145,39,46
"2094",16,145,39,47
"2095",12,145,40,58
"2096",1,145,41,79
"2097",11,145,43,18
"2098",21,145,43,42
"2099",1,145,44,20
"2100",8,145,44,42
"2101",1,145,44,47
"2102",11,145,45,3
"2103",147,145,45,47
"2104",105,145,46,42
"2105",13,145,47,24
"2106",5,145,48,40
"2107",62,145,49,42
"2108",64,145,50,42
"2109",20,145,51,15
"2110",162,145,51,25
"2111",77,145,52,8
"2112",4,145,53,69
"2113",39,145,53,81
"2114",261,145,54,28
"2115",1,145,55,61
"2116",2,145,56,66
"2117",10,145,57,66
"2118",15,145,59,42
"2119",9,145,60,21
"2120",3,145,61,80
"2121",1,145,62,10
"2122",34,145,66,31
"2123",2,145,67,24
"2124",39,145,68,25
"2125",1,145,69,11
"2126",4,145,69,25
"2127",1,145,69,28
"2128",10,145,69,67
"2129",8,145,69,79
"2130",4,145,70,7
"2131",13,145,70,11
"2132",1,145,70,25
"2133",9,145,70,50
"2134",2,145,70,66
"2135",7,146,66,31
"2136",12,146,66,80
"2137",1,147,57,66
"2138",29,148,1,8
"2139",2,148,1,81
"2140",2,148,2,7
"2141",1,148,2,20
"2142",1,148,2,23
"2143",3,148,2,45
"2144",1,148,2,50
"2145",99,148,3,48
"2146",1,148,4,2
"2147",4,148,4,14
"2148",2,148,4,20
"2149",3,148,4,31
"2150",3,148,4,42
"2151",1,148,4,47
"2152",1,148,6,47
"2153",31,148,7,14
"2154",67,148,7,40
"2155",4,148,8,20
"2156",5,148,8,30
"2157",2,148,8,47
"2158",1,148,9,3
"2159",2,148,9,28
"2160",4,148,9,67
"2161",12,148,10,42
"2162",10,148,11,11
"2163",11,148,13,3
"2164",13,148,14,3
"2165",82,148,15,10
"2166",38,148,15,24
"2167",5,148,15,47
"2168",2,148,15,53
"2169",12,148,16,42
"2170",4,148,17,27
"2171",48,148,18,14
"2172",93,148,19,77
"2173",8,148,20,8
"2174",19,148,21,28
"2175",34,148,22,39
"2176",18,148,22,42
"2177",17,148,22,47
"2178",62,148,22,49
"2179",1,148,23,80
"2180",2,148,25,79
"2181",3,148,26,47
"2182",31,148,30,20
"2183",2,148,30,42
"2184",6,148,31,3
"2185",1,148,34,3
"2186",6,148,36,14
"2187",41,148,36,15
"2188",1,148,36,24
"2189",2,148,36,45
"2190",1,148,38,1
"2191",1,148,38,80
"2192",2,148,39,35
"2193",5,148,45,3
"2194",83,148,45,47
"2195",47,148,48,40
"2196",38,148,49,42
"2197",9,148,50,42
"2198",6,148,51,15
"2199",17,148,54,28
"2200",6,148,57,66
"2201",1,148,58,71
"2202",9,148,59,42
"2203",6,148,65,76
"2204",17,148,66,31
"2205",12,148,69,79
"2206",3,148,70,11
"2207",1,148,70,25
"2208",2,148,70,50
"2209",1,148,70,66
"2210",1,149,15,24
"2211",1,149,15,47
"2212",25,149,22,39
"2213",1,149,67,24
"2214",91,150,64,31
"2215",49,151,1,3
"2216",17,151,1,8
"2217",3,151,2,20
"2218",5,151,2,49
"2219",1,151,2,76
"2220",7,151,3,48
"2221",5,151,4,3
"2222",6,151,4,31
"2223",1,151,4,42
"2224",1,151,4,47
"2225",10,151,4,79
"2226",3,151,4,83
"2227",21,151,6,47
"2228",6,151,7,14
"2229",74,151,7,40
"2230",1,151,8,17
"2231",2,151,8,47
"2232",1,151,8,73
"2233",1,151,9,3
"2234",1,151,9,12
"2235",5,151,13,3
"2236",18,151,14,3
"2237",11,151,15,10
"2238",4,151,15,24
"2239",4,151,16,42
"2240",219,151,20,8
"2241",8,151,20,28
"2242",2,151,20,79
"2243",10,151,20,80
"2244",6,151,21,28
"2245",56,151,22,47
"2246",47,151,22,52
"2247",17,151,23,80
"2248",26,151,24,39
"2249",1,151,25,79
"2250",9,151,26,47
"2251",2,151,28,69
"2252",45,151,29,47
"2253",4,151,29,67
"2254",5,151,34,3
"2255",1,151,36,2
"2256",1,151,36,14
"2257",4,151,36,15
"2258",1,151,36,24
"2259",14,151,36,47
"2260",1,151,38,10
"2261",15,151,38,80
"2262",4,151,39,47
"2263",3,151,44,20
"2264",1,151,44,42
"2265",2,151,44,52
"2266",28,151,45,3
"2267",10,151,45,47
"2268",7,151,46,42
"2269",8,151,51,15
"2270",2,151,52,8
"2271",1,151,60,21
"2272",1,151,61,80
"2273",1377,151,63,10
"2274",91,151,64,31
"2275",20,151,65,76
"2276",17,152,8,17
"2277",16,152,15,10
"2278",6,152,15,24
"2279",14,152,15,67
"2280",19,152,22,42
"2281",73,152,49,42
"2282",2,152,50,42
"2283",7,153,15,10
"2284",17,153,15,24
"2285",2,153,39,47
"2286",8,153,50,42
"2287",1,153,70,50
"2288",1,154,15,67
"2289",1,154,69,79
"2290",1,155,5,29
"2291",2,155,5,45
"2292",5,155,9,28
"2293",13,155,15,10
"2294",16,155,15,24
"2295",3,155,15,67
"2296",35,155,21,28
"2297",25,155,22,42
"2298",28,155,22,52
"2299",2,155,23,80
"2300",5,155,25,79
"2301",2,155,28,69
"2302",1,155,28,74
"2303",13,155,29,47
"2304",4,155,33,42
"2305",1,155,39,35
"2306",5,155,39,47
"2307",8,155,45,47
"2308",3,155,49,42
"2309",6,155,69,79
